iso_code,gas_id,ano,trade_co2,consumption_co2
ALB,1,1990,0.036,5.556
ALB,1,1991,0.324,4.614
ALB,1,1992,0.399,2.916
ALB,1,1993,0.335,2.673
ALB,1,1994,0.449,2.373
ALB,1,1995,0.457,2.547
ALB,1,1996,1.009,3.026
ALB,1,1997,0.684,2.227
ALB,1,1998,0.782,2.537
ALB,1,1999,0.803,3.789
ALB,1,2000,1.055,4.08
ALB,1,2001,1.269,4.489
ALB,1,2002,1.375,5.123
ALB,1,2003,1.627,5.931
ALB,1,2004,1.351,5.528
ALB,1,2005,1.571,5.833
ALB,1,2006,1.831,5.742
ALB,1,2007,2.037,5.986
ALB,1,2008,2.152,6.549
ALB,1,2009,2.509,6.916
ALB,1,2010,1.831,6.615
ALB,1,2011,1.827,7.141
ALB,1,2012,1.993,6.843
ALB,1,2013,1.289,6.577
ALB,1,2014,0.511,6.511
ALB,1,2015,1.201,5.914
ALB,1,2016,1.191,5.823
ALB,1,2017,0.663,5.956
ALB,1,2018,1.048,5.943
ALB,1,2019,1.006,5.833
ALB,1,2020,1.058,5.769
ALB,1,2021,0.984,6.118
ALB,1,2022,0.841,6.014
ARG,1,1990,0.836,112.985
ARG,1,1991,3.65,121.405
ARG,1,1992,7.088,128.623
ARG,1,1993,5.939,123.941
ARG,1,1994,5.672,124.142
ARG,1,1995,3.097,128.374
ARG,1,1996,3.167,134.316
ARG,1,1997,7.072,143.625
ARG,1,1998,8.384,147.704
ARG,1,1999,1.531,149.835
ARG,1,2000,-1.391,142.078
ARG,1,2001,-4.561,130.576
ARG,1,2002,-42.745,82.186
ARG,1,2003,-21.775,112.706
ARG,1,2004,-23.691,133.358
ARG,1,2005,-20.876,140.712
ARG,1,2006,-23.355,150.954
ARG,1,2007,-17.465,156.116
ARG,1,2008,-14.568,172.774
ARG,1,2009,-20.492,157.688
ARG,1,2010,-14.109,171.837
ARG,1,2011,-0.003,189.772
ARG,1,2012,-1.605,189.757
ARG,1,2013,8.882,198.42
ARG,1,2014,-3.213,185.183
ARG,1,2015,8.151,199.895
ARG,1,2016,-2.734,187.187
ARG,1,2017,3.866,190.765
ARG,1,2018,-2.969,177.63
ARG,1,2019,-11.457,167.051
ARG,1,2020,-8.277,156.844
ARG,1,2021,-11.95,179.158
ARG,1,2022,-8.887,195.194
ARM,1,1990,-2.951,6.048
ARM,1,1991,-2.768,4.612
ARM,1,1992,-2.104,3.62
ARM,1,1993,-0.703,1.808
ARM,1,1994,-0.901,1.784
ARM,1,1995,-0.68,2.683
ARM,1,1996,0.288,2.789
ARM,1,1997,0.826,4.079
ARM,1,1998,0.615,4.034
ARM,1,1999,2.139,5.179
ARM,1,2000,0.768,4.259
ARM,1,2001,0.929,4.462
ARM,1,2002,1.352,4.429
ARM,1,2003,0.504,3.96
ARM,1,2004,0.541,4.232
ARM,1,2005,1.397,5.773
ARM,1,2006,0.725,5.127
ARM,1,2007,5.014,10.114
ARM,1,2008,0.958,6.532
ARM,1,2009,1.526,5.89
ARM,1,2010,1.041,5.294
ARM,1,2011,0.306,5.275
ARM,1,2012,0.77,6.518
ARM,1,2013,0.511,6.046
ARM,1,2014,0.213,5.817
ARM,1,2015,0.421,5.89
ARM,1,2016,0.313,5.516
ARM,1,2017,0.26,5.8
ARM,1,2018,1.265,7.088
ARM,1,2019,0.696,6.98
ARM,1,2020,0.695,7.49
ARM,1,2021,0.597,8.014
ARM,1,2022,0.03,7.194
AUS,1,1990,-34.901,243.259
AUS,1,1991,-35.695,243.839
AUS,1,1992,-38.086,246.443
AUS,1,1993,-41.51,247.364
AUS,1,1994,-37.772,255.929
AUS,1,1995,-43.362,261.694
AUS,1,1996,-43.842,268.099
AUS,1,1997,-44.627,275.706
AUS,1,1998,-38.442,295.694
AUS,1,1999,-47.176,296.784
AUS,1,2000,-59.134,290.874
AUS,1,2001,-58.196,299.588
AUS,1,2002,-44.294,318.242
AUS,1,2003,-34.903,334.726
AUS,1,2004,-38.46,344.699
AUS,1,2005,-42.011,344.165
AUS,1,2006,-36.208,356.152
AUS,1,2007,-31.654,367.821
AUS,1,2008,-41.889,362.952
AUS,1,2009,-13.05,394.044
AUS,1,2010,-10.288,394.843
AUS,1,2011,-9.406,394.452
AUS,1,2012,-4.792,401.404
AUS,1,2013,-18.857,380.21
AUS,1,2014,-13.173,379.556
AUS,1,2015,-20.159,381.337
AUS,1,2016,-38.818,371.57
AUS,1,2017,-36.254,377.563
AUS,1,2018,-50.331,365.26
AUS,1,2019,-52.539,363.231
AUS,1,2020,-44.05,355.134
AUS,1,2021,-46.983,342.036
AUS,1,2022,-45.343,339.019
AUT,1,1990,27.256,89.44
AUT,1,1991,25.32,91.103
AUT,1,1992,32.867,93.15
AUT,1,1993,28.396,89.105
AUT,1,1994,27.84,88.923
AUT,1,1995,29.035,93.095
AUT,1,1996,33.697,101.102
AUT,1,1997,27.936,95.238
AUT,1,1998,31.607,98.544
AUT,1,1999,31.263,96.931
AUT,1,2000,25.903,92.081
AUT,1,2001,26.435,96.6
AUT,1,2002,23.183,95.153
AUT,1,2003,23.516,100.912
AUT,1,2004,26.891,104.585
AUT,1,2005,27.724,106.816
AUT,1,2006,33.444,110.255
AUT,1,2007,31.363,105.475
AUT,1,2008,30.281,103.771
AUT,1,2009,28.015,95.322
AUT,1,2010,29.106,101.114
AUT,1,2011,33.169,103.07
AUT,1,2012,32.357,99.632
AUT,1,2013,27.117,94.883
AUT,1,2014,31.095,95.261
AUT,1,2015,22.76,89.118
AUT,1,2016,25.008,92.226
AUT,1,2017,22.182,91.781
AUT,1,2018,24.736,91.298
AUT,1,2019,21.47,89.416
AUT,1,2020,18.756,80.932
AUT,1,2021,22.232,87.989
AUT,1,2022,23.965,85.454
AZE,1,1990,-23.208,28.11
AZE,1,1991,-28.557,21.49
AZE,1,1992,-42.908,13.266
AZE,1,1993,-24.386,24.021
AZE,1,1994,-23.012,18.933
AZE,1,1995,-10.102,23.208
AZE,1,1996,-2.92,28.322
AZE,1,1997,-4.174,25.669
AZE,1,1998,-1.549,30.236
AZE,1,1999,-1.9,26.921
AZE,1,2000,-5.899,23.866
AZE,1,2001,-3.198,25.218
AZE,1,2002,1.558,30.128
AZE,1,2003,3.458,33.946
AZE,1,2004,8.025,40.278
AZE,1,2005,0.99,35.184
AZE,1,2006,2.464,36.986
AZE,1,2007,0.789,30.826
AZE,1,2008,0.931,33.967
AZE,1,2009,2.902,32.005
AZE,1,2010,2.811,30.36
AZE,1,2011,2.236,32.446
AZE,1,2012,3.014,35.787
AZE,1,2013,2.957,36.512
AZE,1,2014,3.005,37.354
AZE,1,2015,2.539,37.222
AZE,1,2016,0.815,35.542
AZE,1,2017,-0.349,34.349
AZE,1,2018,0.778,35.347
AZE,1,2019,0.284,38.029
AZE,1,2020,1.698,37.932
AZE,1,2021,0.66,38.953
AZE,1,2022,-2.236,38.156
BHR,1,1990,-0.665,10.829
BHR,1,1991,0.048,11.377
BHR,1,1992,0.574,10.977
BHR,1,1993,-1.345,15.403
BHR,1,1994,-0.323,14.029
BHR,1,1995,-0.414,14.33
BHR,1,1996,-1.19,14.752
BHR,1,1997,-3.068,14.153
BHR,1,1998,-2.254,16.022
BHR,1,1999,-8.666,9.589
BHR,1,2000,-8.145,11.055
BHR,1,2001,-8.27,11.409
BHR,1,2002,-7.569,12.543
BHR,1,2003,-11.486,9.49
BHR,1,2004,-12.971,8.232
BHR,1,2005,-15.842,8.644
BHR,1,2006,-15.205,8.831
BHR,1,2007,-15.262,11.364
BHR,1,2008,-16.165,13.36
BHR,1,2009,-11.019,17.079
BHR,1,2010,-10.883,18.193
BHR,1,2011,-15.886,12.582
BHR,1,2012,-14.764,12.355
BHR,1,2013,-18.483,12.675
BHR,1,2014,-16.485,14.415
BHR,1,2015,-14.455,18.005
BHR,1,2016,-13.72,17.84
BHR,1,2017,-13.633,19.202
BHR,1,2018,-12.915,19.718
BHR,1,2019,-16.143,21.437
BHR,1,2020,-15.671,21.725
BHR,1,2021,-18.51,17.686
BHR,1,2022,-19.982,15.67
BGD,1,1990,4.2,18.282
BGD,1,1991,4.619,19.372
BGD,1,1992,5.307,20.698
BGD,1,1993,4.932,21.006
BGD,1,1994,5.668,23.221
BGD,1,1995,5.337,26.393
BGD,1,1996,5.717,27.225
BGD,1,1997,5.986,29.13
BGD,1,1998,5.934,29.15
BGD,1,1999,5.192,30.285
BGD,1,2000,-1.029,25.511
BGD,1,2001,-1.686,29.378
BGD,1,2002,-1.251,30.756
BGD,1,2003,0.932,34.427
BGD,1,2004,0.891,36.873
BGD,1,2005,1.178,38.895
BGD,1,2006,-0.127,41.599
BGD,1,2007,-0.341,42.334
BGD,1,2008,-0.64,44.702
BGD,1,2009,-0.451,48.738
BGD,1,2010,-1.07,52.965
BGD,1,2011,-2.239,53.354
BGD,1,2012,0.842,60.545
BGD,1,2013,-1.032,63.731
BGD,1,2014,37.277,104.828
BGD,1,2015,-0.384,76.566
BGD,1,2016,36.073,117.835
BGD,1,2017,39.502,126.033
BGD,1,2018,43.316,129.927
BGD,1,2019,45.165,139.973
BGD,1,2020,44.908,140.362
BGD,1,2021,49.21,156.831
BGD,1,2022,50.578,164.441
BLR,1,1990,-46.601,61.744
BLR,1,1991,-37.096,66.975
BLR,1,1992,-48.142,45.341
BLR,1,1993,-42.328,38.234
BLR,1,1994,-37.594,30.285
BLR,1,1995,-25.992,34.914
BLR,1,1996,-13.622,48.113
BLR,1,1997,-16.305,45.284
BLR,1,1998,11.364,71.437
BLR,1,1999,9.942,67.908
BLR,1,2000,-12.814,42.092
BLR,1,2001,-14.704,39.299
BLR,1,2002,-14.575,39.269
BLR,1,2003,-14.482,40.606
BLR,1,2004,-16.475,41.778
BLR,1,2005,-16.301,43.009
BLR,1,2006,-14.838,46.906
BLR,1,2007,-10.864,49.354
BLR,1,2008,-10.734,52.103
BLR,1,2009,-4.147,56.43
BLR,1,2010,-0.689,61.756
BLR,1,2011,-10.274,51.034
BLR,1,2012,1.101,63.646
BLR,1,2013,2.243,66.369
BLR,1,2014,-0.643,63.006
BLR,1,2015,1.183,59.982
BLR,1,2016,0.565,58.7
BLR,1,2017,0.49,59.872
BLR,1,2018,1.27,63.426
BLR,1,2019,0.878,62.974
BLR,1,2020,-0.681,58.375
BLR,1,2021,0.219,61.157
BLR,1,2022,2.165,61.55
BEL,1,1990,34.655,154.952
BEL,1,1991,32.256,155.623
BEL,1,1992,49.858,172.35
BEL,1,1993,41.266,162.693
BEL,1,1994,37.802,162.602
BEL,1,1995,40.685,166.624
BEL,1,1996,36.124,165.605
BEL,1,1997,46.674,170.667
BEL,1,1998,50.47,180.695
BEL,1,1999,63.336,188.018
BEL,1,2000,63.789,190.512
BEL,1,2001,63.463,189.53
BEL,1,2002,67.311,194.174
BEL,1,2003,78.531,206.78
BEL,1,2004,89.893,218.675
BEL,1,2005,100.71,226.349
BEL,1,2006,102.29,226.174
BEL,1,2007,114.394,234.875
BEL,1,2008,114.365,234.545
BEL,1,2009,92.793,200.573
BEL,1,2010,101.616,216.106
BEL,1,2011,115.092,220.19
BEL,1,2012,106.727,209.162
BEL,1,2013,107.163,209.925
BEL,1,2014,114.84,211.873
BEL,1,2015,106.49,207.765
BEL,1,2016,108.182,207.923
BEL,1,2017,101.803,200.995
BEL,1,2018,108.121,208.279
BEL,1,2019,101.998,201.682
BEL,1,2020,87.226,178.455
BEL,1,2021,103.311,198.197
BEL,1,2022,113.023,202.025
BEN,1,1990,0.352,0.931
BEN,1,1991,0.369,0.988
BEN,1,1992,0.367,1.038
BEN,1,1993,0.351,1.158
BEN,1,1994,0.428,1.339
BEN,1,1995,0.473,1.429
BEN,1,1996,0.518,1.702
BEN,1,1997,0.685,1.909
BEN,1,1998,0.89,2.004
BEN,1,1999,0.545,2.007
BEN,1,2000,0.922,2.395
BEN,1,2001,1.407,3.096
BEN,1,2002,1.176,3.286
BEN,1,2003,1.34,3.734
BEN,1,2004,0.919,3.513
BEN,1,2005,1.268,3.758
BEN,1,2006,2.376,5.727
BEN,1,2007,2.407,6.338
BEN,1,2008,3.618,7.537
BEN,1,2009,2.249,6.473
BEN,1,2010,2.514,7.193
BEN,1,2011,4.498,8.978
BEN,1,2012,2.842,7.245
BEN,1,2013,3.147,7.713
BEN,1,2014,2.855,7.651
BEN,1,2015,2.481,7.814
BEN,1,2016,1.497,6.833
BEN,1,2017,1.248,6.829
BEN,1,2018,0.998,6.667
BEN,1,2019,0.951,6.213
BEN,1,2020,1.266,6.783
BEN,1,2021,1.528,7.287
BEN,1,2022,1.674,7.466
BOL,1,1990,-1.365,8.642
BOL,1,1991,-1.343,9.152
BOL,1,1992,-1.171,9.843
BOL,1,1993,-1.202,10.348
BOL,1,1994,-1.076,8.562
BOL,1,1995,-0.951,8.066
BOL,1,1996,-1.08,8.936
BOL,1,1997,-0.781,10.94
BOL,1,1998,-0.368,10.885
BOL,1,1999,0.47,11.409
BOL,1,2000,0.256,8.69
BOL,1,2001,0.128,8.871
BOL,1,2002,0.391,10.795
BOL,1,2003,-0.778,10.19
BOL,1,2004,-1.117,9.915
BOL,1,2005,-1.644,10.668
BOL,1,2006,-1.355,10.977
BOL,1,2007,-1.226,11.469
BOL,1,2008,-0.891,12.074
BOL,1,2009,-0.978,12.56
BOL,1,2010,-1.674,13.045
BOL,1,2011,-1.388,14.561
BOL,1,2012,-1.296,16.239
BOL,1,2013,-0.622,17.147
BOL,1,2014,-0.289,19.599
BOL,1,2015,0.476,20.362
BOL,1,2016,0.388,21.627
BOL,1,2017,0.343,22.514
BOL,1,2018,0.103,22.601
BOL,1,2019,0.258,22.863
BOL,1,2020,1.124,19.436
BOL,1,2021,0.452,22.208
BOL,1,2022,-0.103,22.275
BWA,1,1990,0.0,2.7
BWA,1,1991,0.0,2.634
BWA,1,1992,0.0,2.777
BWA,1,1993,0.0,3.195
BWA,1,1994,0.0,3.03
BWA,1,1995,0.0,3.045
BWA,1,1996,0.0,2.755
BWA,1,1997,0.0,2.799
BWA,1,1998,0.0,3.342
BWA,1,1999,0.0,3.158
BWA,1,2000,-0.495,3.283
BWA,1,2001,-0.659,3.188
BWA,1,2002,0.369,4.344
BWA,1,2003,-1.227,2.598
BWA,1,2004,-1.24,2.655
BWA,1,2005,-1.443,2.649
BWA,1,2006,-1.811,2.322
BWA,1,2007,-1.504,2.725
BWA,1,2008,-1.165,3.338
BWA,1,2009,-0.012,3.844
BWA,1,2010,5.543,10.08
BWA,1,2011,8.573,12.602
BWA,1,2012,6.848,11.925
BWA,1,2013,6.389,12.052
BWA,1,2014,6.729,13.579
BWA,1,2015,7.355,12.773
BWA,1,2016,6.914,13.258
BWA,1,2017,4.352,11.422
BWA,1,2018,4.066,11.705
BWA,1,2019,5.026,11.754
BWA,1,2020,5.342,10.893
BWA,1,2021,5.361,11.369
BWA,1,2022,5.074,11.67
BRA,1,1990,26.669,245.327
BRA,1,1991,22.323,251.717
BRA,1,1992,20.083,253.684
BRA,1,1993,17.998,262.304
BRA,1,1994,21.676,275.678
BRA,1,1995,30.063,298.741
BRA,1,1996,32.676,321.987
BRA,1,1997,35.565,342.514
BRA,1,1998,31.796,349.155
BRA,1,1999,5.891,333.147
BRA,1,2000,10.124,350.307
BRA,1,2001,-2.971,343.195
BRA,1,2002,-16.065,331.7
BRA,1,2003,-20.59,324.055
BRA,1,2004,-25.042,336.392
BRA,1,2005,-14.455,349.916
BRA,1,2006,-9.635,359.236
BRA,1,2007,2.299,392.872
BRA,1,2008,30.524,443.162
BRA,1,2009,24.003,413.778
BRA,1,2010,44.522,484.791
BRA,1,2011,56.73,519.31
BRA,1,2012,55.306,553.615
BRA,1,2013,58.83,591.249
BRA,1,2014,54.518,612.419
BRA,1,2015,18.695,548.048
BRA,1,2016,-5.049,487.699
BRA,1,2017,1.08,499.346
BRA,1,2018,0.258,478.637
BRA,1,2019,3.325,476.714
BRA,1,2020,-15.721,429.487
BRA,1,2021,-32.372,465.645
BRA,1,2022,-25.443,458.398
BRN,1,1990,-1.48,3.976
BRN,1,1991,-2.353,4.858
BRN,1,1992,-1.731,5.154
BRN,1,1993,-0.981,5.376
BRN,1,1994,-0.289,5.264
BRN,1,1995,-0.56,5.265
BRN,1,1996,0.094,5.972
BRN,1,1997,-1.66,4.427
BRN,1,1998,-0.16,5.435
BRN,1,1999,-1.564,4.414
BRN,1,2000,-1.851,3.478
BRN,1,2001,-1.766,3.424
BRN,1,2002,-1.25,3.419
BRN,1,2003,-0.217,5.381
BRN,1,2004,-0.311,5.33
BRN,1,2005,-0.343,5.085
BRN,1,2006,-1.043,6.1
BRN,1,2007,-1.006,7.071
BRN,1,2008,-1.474,7.691
BRN,1,2009,-1.3,6.445
BRN,1,2010,-1.454,6.563
BRN,1,2011,-0.761,8.794
BRN,1,2012,-0.449,9.051
BRN,1,2013,0.936,8.562
BRN,1,2014,-0.143,8.688
BRN,1,2015,0.6,7.534
BRN,1,2016,-0.563,7.07
BRN,1,2017,-0.893,8.416
BRN,1,2018,0.033,9.377
BRN,1,2019,-0.669,10.064
BRN,1,2020,-0.737,10.42
BRN,1,2021,-1.749,9.964
BRN,1,2022,-1.82,9.534
BGR,1,1990,-15.33,61.411
BGR,1,1991,-16.801,44.822
BGR,1,1992,-15.163,42.293
BGR,1,1993,-12.935,45.557
BGR,1,1994,-14.796,41.664
BGR,1,1995,-11.362,46.636
BGR,1,1996,-9.613,48.927
BGR,1,1997,-9.227,46.665
BGR,1,1998,-7.226,45.986
BGR,1,1999,-4.782,41.69
BGR,1,2000,-3.021,42.571
BGR,1,2001,-3.543,45.575
BGR,1,2002,-2.882,43.353
BGR,1,2003,-4.181,46.406
BGR,1,2004,-3.774,45.851
BGR,1,2005,-2.071,48.614
BGR,1,2006,-0.917,51.005
BGR,1,2007,-1.685,54.066
BGR,1,2008,0.981,55.09
BGR,1,2009,-0.808,45.029
BGR,1,2010,-2.861,45.039
BGR,1,2011,-6.194,47.011
BGR,1,2012,-4.494,43.867
BGR,1,2013,-4.475,38.251
BGR,1,2014,-6.341,38.91
BGR,1,2015,-7.628,40.575
BGR,1,2016,-5.843,39.576
BGR,1,2017,-6.432,41.089
BGR,1,2018,-2.876,40.701
BGR,1,2019,-2.594,39.674
BGR,1,2020,-0.697,35.947
BGR,1,2021,-1.914,40.511
BGR,1,2022,-5.003,41.963
BFA,1,1990,0.223,0.813
BFA,1,1991,0.23,0.868
BFA,1,1992,0.237,0.867
BFA,1,1993,0.234,0.867
BFA,1,1994,0.246,0.906
BFA,1,1995,0.28,0.941
BFA,1,1996,0.234,0.957
BFA,1,1997,0.281,1.041
BFA,1,1998,0.865,1.716
BFA,1,1999,1.293,2.337
BFA,1,2000,0.368,1.302
BFA,1,2001,0.528,1.589
BFA,1,2002,0.486,1.557
BFA,1,2003,0.509,1.697
BFA,1,2004,0.61,1.714
BFA,1,2005,0.567,1.679
BFA,1,2006,0.636,1.85
BFA,1,2007,0.631,2.251
BFA,1,2008,0.508,2.326
BFA,1,2009,1.114,2.95
BFA,1,2010,1.151,3.136
BFA,1,2011,0.685,2.834
BFA,1,2012,0.668,3.283
BFA,1,2013,0.829,3.638
BFA,1,2014,0.887,3.751
BFA,1,2015,0.776,4.519
BFA,1,2016,0.586,4.571
BFA,1,2017,0.461,5.084
BFA,1,2018,0.587,5.813
BFA,1,2019,0.533,6.154
BFA,1,2020,0.312,5.689
BFA,1,2021,0.252,6.541
BFA,1,2022,0.541,6.915
KHM,1,1990,0.594,1.854
KHM,1,1991,0.623,1.927
KHM,1,1992,0.675,2.023
KHM,1,1993,0.598,1.983
KHM,1,1994,0.649,2.075
KHM,1,1995,0.524,2.023
KHM,1,1996,0.736,2.253
KHM,1,1997,0.755,2.221
KHM,1,1998,0.906,2.782
KHM,1,1999,0.833,2.727
KHM,1,2000,2.841,4.841
KHM,1,2001,3.332,5.567
KHM,1,2002,4.904,7.055
KHM,1,2003,4.043,6.296
KHM,1,2004,5.514,7.756
KHM,1,2005,7.07,9.279
KHM,1,2006,7.536,10.383
KHM,1,2007,7.356,10.846
KHM,1,2008,8.681,12.617
KHM,1,2009,6.43,11.009
KHM,1,2010,9.609,14.673
KHM,1,2011,15.606,20.881
KHM,1,2012,14.678,20.254
KHM,1,2013,17.579,23.204
KHM,1,2014,15.277,21.976
KHM,1,2015,18.255,26.445
KHM,1,2016,15.447,26.095
KHM,1,2017,15.53,27.617
KHM,1,2018,18.016,31.949
KHM,1,2019,19.656,38.285
KHM,1,2020,19.947,38.982
KHM,1,2021,19.521,38.769
KHM,1,2022,18.898,38.507
CMR,1,1990,0.454,3.059
CMR,1,1991,0.44,3.108
CMR,1,1992,0.576,3.289
CMR,1,1993,0.591,3.457
CMR,1,1994,0.27,5.15
CMR,1,1995,0.246,5.621
CMR,1,1996,0.136,6.111
CMR,1,1997,0.685,6.064
CMR,1,1998,0.722,6.095
CMR,1,1999,-0.054,5.166
CMR,1,2000,0.632,6.221
CMR,1,2001,1.356,6.919
CMR,1,2002,2.282,7.633
CMR,1,2003,0.748,6.452
CMR,1,2004,0.488,6.187
CMR,1,2005,0.851,6.274
CMR,1,2006,0.759,6.245
CMR,1,2007,0.039,7.449
CMR,1,2008,0.414,7.735
CMR,1,2009,1.179,9.734
CMR,1,2010,1.251,9.634
CMR,1,2011,1.155,9.26
CMR,1,2012,2.282,9.885
CMR,1,2013,1.794,9.644
CMR,1,2014,1.867,10.639
CMR,1,2015,1.328,11.179
CMR,1,2016,1.584,11.549
CMR,1,2017,1.65,11.236
CMR,1,2018,0.72,10.567
CMR,1,2019,0.613,10.219
CMR,1,2020,0.809,10.524
CMR,1,2021,1.142,10.747
CMR,1,2022,0.854,10.9
CAN,1,1990,24.807,482.822
CAN,1,1991,32.262,482.018
CAN,1,1992,31.562,495.058
CAN,1,1993,18.114,482.274
CAN,1,1994,8.878,487.508
CAN,1,1995,4.275,495.689
CAN,1,1996,-2.444,505.285
CAN,1,1997,15.273,537.295
CAN,1,1998,11.212,540.848
CAN,1,1999,-2.158,541.707
CAN,1,2000,14.308,580.569
CAN,1,2001,0.969,559.329
CAN,1,2002,18.982,582.711
CAN,1,2003,-3.725,577.068
CAN,1,2004,4.585,583.748
CAN,1,2005,34.867,607.721
CAN,1,2006,7.77,575.943
CAN,1,2007,6.381,598.269
CAN,1,2008,7.119,582.889
CAN,1,2009,31.355,574.166
CAN,1,2010,51.388,606.123
CAN,1,2011,36.554,599.875
CAN,1,2012,12.817,577.039
CAN,1,2013,8.487,577.341
CAN,1,2014,-8.307,558.162
CAN,1,2015,-27.796,537.848
CAN,1,2016,-37.417,521.455
CAN,1,2017,-41.2,528.403
CAN,1,2018,-50.344,528.734
CAN,1,2019,-59.441,522.583
CAN,1,2020,-46.318,480.264
CAN,1,2021,-38.311,502.001
CAN,1,2022,-48.656,501.955
CHL,1,1990,-0.832,32.076
CHL,1,1991,0.013,30.904
CHL,1,1992,1.275,33.276
CHL,1,1993,1.458,35.556
CHL,1,1994,0.24,38.215
CHL,1,1995,-0.156,41.406
CHL,1,1996,0.097,48.323
CHL,1,1997,-0.927,55.015
CHL,1,1998,-1.275,55.983
CHL,1,1999,-1.547,59.861
CHL,1,2000,1.157,59.66
CHL,1,2001,0.687,53.605
CHL,1,2002,1.518,56.353
CHL,1,2003,-1.169,53.932
CHL,1,2004,-2.081,57.147
CHL,1,2005,-0.019,61.109
CHL,1,2006,0.329,64.381
CHL,1,2007,-0.011,70.466
CHL,1,2008,9.887,80.439
CHL,1,2009,-1.337,64.623
CHL,1,2010,2.656,74.003
CHL,1,2011,6.844,84.915
CHL,1,2012,9.702,89.322
CHL,1,2013,8.637,90.374
CHL,1,2014,5.921,83.511
CHL,1,2015,4.924,86.706
CHL,1,2016,3.6,87.85
CHL,1,2017,4.246,88.384
CHL,1,2018,7.728,92.167
CHL,1,2019,5.585,97.562
CHL,1,2020,2.836,83.014
CHL,1,2021,7.279,90.934
CHL,1,2022,7.295,89.832
CHN,1,1990,-164.554,2320.301
CHN,1,1991,-206.475,2399.621
CHN,1,1992,-154.997,2575.791
CHN,1,1993,-164.691,2756.96
CHN,1,1994,-353.8,2749.938
CHN,1,1995,-367.61,2994.028
CHN,1,1996,-383.422,3125.396
CHN,1,1997,-456.976,3058.618
CHN,1,1998,-404.724,2959.864
CHN,1,1999,-384.685,3172.59
CHN,1,2000,-386.813,3262.413
CHN,1,2001,-369.97,3358.539
CHN,1,2002,-452.293,3650.753
CHN,1,2003,-763.444,4077.675
CHN,1,2004,-901.407,4315.944
CHN,1,2005,-1163.779,4718.328
CHN,1,2006,-1358.414,5135.917
CHN,1,2007,-1436.465,5547.083
CHN,1,2008,-1532.08,5969.417
CHN,1,2009,-1169.984,6721.094
CHN,1,2010,-1283.493,7337.083
CHN,1,2011,-1392.463,8139.869
CHN,1,2012,-1280.388,8498.904
CHN,1,2013,-1231.844,8724.485
CHN,1,2014,-1183.674,8806.582
CHN,1,2015,-1003.059,8860.397
CHN,1,2016,-902.02,8860.693
CHN,1,2017,-871.352,9134.99
CHN,1,2018,-737.898,9595.094
CHN,1,2019,-782.537,9931.447
CHN,1,2020,-932.869,9972.824
CHN,1,2021,-1047.302,10400.611
CHN,1,2022,-1040.811,10309.728
COL,1,1990,5.096,61.994
COL,1,1991,3.847,60.501
COL,1,1992,5.882,67.377
COL,1,1993,5.81,69.148
COL,1,1994,5.642,72.68
COL,1,1995,7.466,66.886
COL,1,1996,6.543,66.456
COL,1,1997,7.032,72.288
COL,1,1998,6.434,72.233
COL,1,1999,0.717,56.192
COL,1,2000,-2.076,54.516
COL,1,2001,-1.466,55.383
COL,1,2002,-0.237,55.665
COL,1,2003,0.403,57.781
COL,1,2004,2.394,57.041
COL,1,2005,3.372,63.533
COL,1,2006,6.282,68.587
COL,1,2007,11.117,71.608
COL,1,2008,9.784,76.748
COL,1,2009,6.54,79.001
COL,1,2010,8.962,85.228
COL,1,2011,11.764,87.989
COL,1,2012,14.215,94.47
COL,1,2013,13.128,101.232
COL,1,2014,15.841,109.918
COL,1,2015,12.501,110.565
COL,1,2016,10.649,104.857
COL,1,2017,10.278,96.888
COL,1,2018,10.841,97.572
COL,1,2019,8.924,103.422
COL,1,2020,9.062,98.793
COL,1,2021,9.366,103.69
COL,1,2022,6.307,104.599
CRI,1,1990,2.242,5.155
CRI,1,1991,1.944,5.232
CRI,1,1992,1.993,5.735
CRI,1,1993,1.867,5.758
CRI,1,1994,1.67,6.87
CRI,1,1995,1.93,6.731
CRI,1,1996,1.902,6.589
CRI,1,1997,2.164,7.081
CRI,1,1998,2.859,8.094
CRI,1,1999,4.178,9.616
CRI,1,2000,2.59,7.984
CRI,1,2001,2.435,8.102
CRI,1,2002,4.293,10.539
CRI,1,2003,2.642,9.225
CRI,1,2004,2.726,9.568
CRI,1,2005,2.78,9.504
CRI,1,2006,3.567,10.574
CRI,1,2007,4.032,11.993
CRI,1,2008,4.619,12.609
CRI,1,2009,2.676,10.424
CRI,1,2010,3.598,11.091
CRI,1,2011,4.93,12.24
CRI,1,2012,4.906,12.166
CRI,1,2013,4.509,12.141
CRI,1,2014,4.308,12.056
CRI,1,2015,4.648,12.054
CRI,1,2016,4.327,12.183
CRI,1,2017,4.238,12.267
CRI,1,2018,4.682,12.694
CRI,1,2019,4.608,12.307
CRI,1,2020,4.012,10.782
CRI,1,2021,4.422,12.07
CRI,1,2022,4.401,12.248
CIV,1,1990,1.177,5.958
CIV,1,1991,1.272,5.58
CIV,1,1992,1.973,5.817
CIV,1,1993,1.475,6.568
CIV,1,1994,1.317,5.45
CIV,1,1995,1.175,7.4
CIV,1,1996,-0.299,7.227
CIV,1,1997,-0.34,6.871
CIV,1,1998,1.942,8.697
CIV,1,1999,0.33,6.422
CIV,1,2000,0.378,7.012
CIV,1,2001,-1.087,6.563
CIV,1,2002,-2.172,5.278
CIV,1,2003,1.13,6.431
CIV,1,2004,0.121,7.508
CIV,1,2005,0.098,7.663
CIV,1,2006,1.164,8.051
CIV,1,2007,1.565,8.218
CIV,1,2008,1.515,8.227
CIV,1,2009,1.489,7.149
CIV,1,2010,1.869,8.094
CIV,1,2011,1.35,7.873
CIV,1,2012,2.684,11.224
CIV,1,2013,2.821,12.501
CIV,1,2014,3.383,13.286
CIV,1,2015,3.615,13.17
CIV,1,2016,3.189,15.172
CIV,1,2017,3.158,15.16
CIV,1,2018,4.526,14.941
CIV,1,2019,4.393,14.928
CIV,1,2020,3.565,14.581
CIV,1,2021,3.929,17.598
CIV,1,2022,4.324,17.968
HRV,1,1990,-1.937,20.937
HRV,1,1991,-1.346,15.647
HRV,1,1992,1.816,18.191
HRV,1,1993,1.391,18.198
HRV,1,1994,1.782,17.834
HRV,1,1995,2.881,19.693
HRV,1,1996,2.453,19.789
HRV,1,1997,2.387,20.953
HRV,1,1998,1.455,20.493
HRV,1,1999,1.947,22.028
HRV,1,2000,1.984,21.636
HRV,1,2001,3.708,24.484
HRV,1,2002,4.308,26.224
HRV,1,2003,2.098,25.326
HRV,1,2004,3.029,25.884
HRV,1,2005,2.55,25.848
HRV,1,2006,4.802,28.301
HRV,1,2007,4.861,29.665
HRV,1,2008,10.166,33.687
HRV,1,2009,3.865,25.622
HRV,1,2010,3.146,24.132
HRV,1,2011,2.611,23.231
HRV,1,2012,4.44,23.496
HRV,1,2013,5.124,23.53
HRV,1,2014,1.464,19.122
HRV,1,2015,3.676,21.479
HRV,1,2016,4.488,22.578
HRV,1,2017,3.158,21.877
HRV,1,2018,6.542,24.245
HRV,1,2019,5.654,23.484
HRV,1,2020,5.678,22.56
HRV,1,2021,5.728,23.139
HRV,1,2022,5.419,23.028
CYP,1,1990,2.154,6.798
CYP,1,1991,1.768,6.901
CYP,1,1992,2.824,8.328
CYP,1,1993,1.828,7.576
CYP,1,1994,1.592,7.582
CYP,1,1995,1.968,7.828
CYP,1,1996,2.855,9.065
CYP,1,1997,1.939,8.236
CYP,1,1998,3.361,9.951
CYP,1,1999,1.583,8.439
CYP,1,2000,0.602,7.704
CYP,1,2001,0.898,7.874
CYP,1,2002,1.192,8.359
CYP,1,2003,1.02,8.577
CYP,1,2004,1.489,9.275
CYP,1,2005,1.707,9.665
CYP,1,2006,1.717,9.902
CYP,1,2007,2.248,10.753
CYP,1,2008,3.108,11.825
CYP,1,2009,0.252,8.724
CYP,1,2010,0.535,8.637
CYP,1,2011,0.539,8.328
CYP,1,2012,0.858,8.122
CYP,1,2013,-0.11,6.474
CYP,1,2014,0.105,7.057
CYP,1,2015,-0.301,6.672
CYP,1,2016,-0.528,6.847
CYP,1,2017,0.301,7.806
CYP,1,2018,0.465,7.788
CYP,1,2019,0.21,7.554
CYP,1,2020,-0.615,6.4
CYP,1,2021,-0.491,6.679
CYP,1,2022,-0.172,7.026
CZE,1,1990,-12.872,151.378
CZE,1,1991,-18.322,130.561
CZE,1,1992,2.547,148.253
CZE,1,1993,-7.731,132.393
CZE,1,1994,-7.222,125.446
CZE,1,1995,-8.012,123.61
CZE,1,1996,-12.6,122.419
CZE,1,1997,-12.202,118.74
CZE,1,1998,-11.262,114.454
CZE,1,1999,-6.327,110.345
CZE,1,2000,-6.716,120.52
CZE,1,2001,-5.097,122.047
CZE,1,2002,0.969,124.937
CZE,1,2003,-6.67,120.902
CZE,1,2004,-12.854,115.438
CZE,1,2005,-15.318,110.373
CZE,1,2006,-11.083,115.455
CZE,1,2007,-6.59,121.777
CZE,1,2008,1.308,124.243
CZE,1,2009,-0.818,114.164
CZE,1,2010,3.159,120.635
CZE,1,2011,0.593,115.782
CZE,1,2012,-0.463,110.824
CZE,1,2013,2.181,108.904
CZE,1,2014,-1.562,102.684
CZE,1,2015,-0.511,104.49
CZE,1,2016,-1.057,105.591
CZE,1,2017,2.923,110.669
CZE,1,2018,6.849,113.184
CZE,1,2019,7.85,108.859
CZE,1,2020,7.959,99.632
CZE,1,2021,12.401,109.046
CZE,1,2022,13.414,108.521
DNK,1,1990,8.549,62.013
DNK,1,1991,1.645,65.738
DNK,1,1992,11.061,69.376
DNK,1,1993,6.478,67.04
DNK,1,1994,4.129,68.79
DNK,1,1995,6.508,68.149
DNK,1,1996,-1.847,73.04
DNK,1,1997,1.983,67.407
DNK,1,1998,4.396,65.622
DNK,1,1999,10.819,69.46
DNK,1,2000,11.342,65.638
DNK,1,2001,10.53,66.416
DNK,1,2002,10.997,66.541
DNK,1,2003,6.976,67.614
DNK,1,2004,15.188,70.281
DNK,1,2005,15.362,66.889
DNK,1,2006,13.176,72.668
DNK,1,2007,15.439,70.137
DNK,1,2008,17.193,68.439
DNK,1,2009,13.414,62.254
DNK,1,2010,13.179,62.358
DNK,1,2011,15.665,59.892
DNK,1,2012,13.034,52.887
DNK,1,2013,10.606,52.361
DNK,1,2014,13.412,50.977
DNK,1,2015,14.015,49.117
DNK,1,2016,12.56,49.466
DNK,1,2017,14.544,49.197
DNK,1,2018,15.566,50.168
DNK,1,2019,15.628,46.569
DNK,1,2020,14.137,42.431
DNK,1,2021,17.288,46.876
DNK,1,2022,16.981,45.413
DOM,1,1990,0.434,9.37
DOM,1,1991,0.402,9.94
DOM,1,1992,0.456,10.874
DOM,1,1993,0.26,11.469
DOM,1,1994,0.322,12.119
DOM,1,1995,-0.186,14.921
DOM,1,1996,-0.154,16.33
DOM,1,1997,0.393,17.658
DOM,1,1998,1.634,19.423
DOM,1,1999,2.425,20.247
DOM,1,2000,-6.753,12.239
DOM,1,2001,14.986,34.131
DOM,1,2002,7.871,28.82
DOM,1,2003,4.177,25.522
DOM,1,2004,6.568,23.901
DOM,1,2005,14.547,32.488
DOM,1,2006,14.236,33.348
DOM,1,2007,8.134,28.127
DOM,1,2008,6.843,27.175
DOM,1,2009,35.646,55.427
DOM,1,2010,51.106,71.659
DOM,1,2011,30.474,51.792
DOM,1,2012,36.392,57.647
DOM,1,2013,26.707,47.974
DOM,1,2014,14.553,36.354
DOM,1,2015,12.288,35.782
DOM,1,2016,5.673,30.318
DOM,1,2017,6.493,30.51
DOM,1,2018,5.995,31.751
DOM,1,2019,5.149,33.524
DOM,1,2020,4.799,31.815
DOM,1,2021,4.912,35.747
DOM,1,2022,5.902,36.333
ECU,1,1990,-0.279,16.179
ECU,1,1991,-0.477,15.68
ECU,1,1992,-2.107,19.852
ECU,1,1993,-1.501,22.587
ECU,1,1994,0.778,15.085
ECU,1,1995,-1.123,22.375
ECU,1,1996,-2.115,23.185
ECU,1,1997,0.398,19.827
ECU,1,1998,1.602,24.692
ECU,1,1999,-0.316,21.661
ECU,1,2000,-1.107,19.82
ECU,1,2001,1.175,24.583
ECU,1,2002,1.971,26.798
ECU,1,2003,1.784,28.856
ECU,1,2004,1.823,31.081
ECU,1,2005,2.376,32.966
ECU,1,2006,4.343,34.033
ECU,1,2007,4.063,38.342
ECU,1,2008,5.327,35.642
ECU,1,2009,3.573,37.171
ECU,1,2010,3.787,40.064
ECU,1,2011,4.77,43.034
ECU,1,2012,5.129,42.538
ECU,1,2013,5.928,45.583
ECU,1,2014,5.515,49.247
ECU,1,2015,5.866,47.142
ECU,1,2016,3.614,42.972
ECU,1,2017,5.508,44.682
ECU,1,2018,6.605,45.034
ECU,1,2019,6.575,46.636
ECU,1,2020,5.775,38.684
ECU,1,2021,6.351,44.555
ECU,1,2022,6.398,46.92
EGY,1,1990,5.129,80.347
EGY,1,1991,-1.071,76.224
EGY,1,1992,5.16,85.1
EGY,1,1993,-0.497,91.781
EGY,1,1994,1.979,90.351
EGY,1,1995,0.976,99.97
EGY,1,1996,3.581,101.532
EGY,1,1997,1.427,113.132
EGY,1,1998,4.745,129.77
EGY,1,1999,6.047,134.268
EGY,1,2000,-6.388,137.448
EGY,1,2001,-6.281,121.375
EGY,1,2002,-7.272,121.883
EGY,1,2003,-12.176,137.743
EGY,1,2004,-19.154,133.422
EGY,1,2005,-18.712,149.505
EGY,1,2006,-20.582,158.612
EGY,1,2007,-16.176,172.629
EGY,1,2008,-14.815,182.913
EGY,1,2009,-7.405,199.073
EGY,1,2010,-1.322,202.285
EGY,1,2011,-3.74,213.177
EGY,1,2012,7.536,221.27
EGY,1,2013,2.108,213.527
EGY,1,2014,13.323,240.222
EGY,1,2015,22.069,246.549
EGY,1,2016,20.333,259.716
EGY,1,2017,-3.6,257.076
EGY,1,2018,-2.521,246.696
EGY,1,2019,-3.197,255.545
EGY,1,2020,5.745,241.102
EGY,1,2021,16.299,277.235
EGY,1,2022,4.639,275.808
SLV,1,1990,1.628,4.103
SLV,1,1991,1.533,4.688
SLV,1,1992,1.69,5.007
SLV,1,1993,1.458,5.434
SLV,1,1994,1.537,6.05
SLV,1,1995,1.626,6.624
SLV,1,1996,1.691,6.106
SLV,1,1997,1.817,7.232
SLV,1,1998,2.409,8.14
SLV,1,1999,2.318,7.906
SLV,1,2000,2.621,8.292
SLV,1,2001,2.459,8.316
SLV,1,2002,2.208,8.278
SLV,1,2003,2.0,8.435
SLV,1,2004,1.731,7.984
SLV,1,2005,1.943,8.24
SLV,1,2006,2.423,9.141
SLV,1,2007,2.272,9.117
SLV,1,2008,2.455,8.86
SLV,1,2009,1.572,7.885
SLV,1,2010,1.58,7.899
SLV,1,2011,1.864,8.364
SLV,1,2012,1.459,7.931
SLV,1,2013,1.785,7.879
SLV,1,2014,1.807,7.958
SLV,1,2015,1.91,8.578
SLV,1,2016,1.871,8.467
SLV,1,2017,1.84,7.81
SLV,1,2018,2.473,8.735
SLV,1,2019,1.932,9.485
SLV,1,2020,2.017,8.611
SLV,1,2021,2.106,9.687
SLV,1,2022,2.101,9.902
EST,1,1990,-5.55,31.367
EST,1,1991,-3.885,30.259
EST,1,1992,-0.403,24.015
EST,1,1993,-1.498,17.937
EST,1,1994,-3.412,16.629
EST,1,1995,-2.385,15.67
EST,1,1996,-2.284,16.75
EST,1,1997,-2.721,15.953
EST,1,1998,0.112,17.045
EST,1,1999,3.851,19.78
EST,1,2000,4.843,20.314
EST,1,2001,3.067,18.937
EST,1,2002,4.456,19.814
EST,1,2003,3.444,20.695
EST,1,2004,3.495,20.817
EST,1,2005,2.257,19.347
EST,1,2006,4.756,21.194
EST,1,2007,1.303,21.234
EST,1,2008,-0.319,17.496
EST,1,2009,-0.344,14.061
EST,1,2010,-1.724,17.241
EST,1,2011,0.587,19.535
EST,1,2012,-0.153,17.608
EST,1,2013,-2.463,17.171
EST,1,2014,-1.488,17.296
EST,1,2015,2.189,17.969
EST,1,2016,-0.884,16.549
EST,1,2017,-1.845,16.771
EST,1,2018,0.169,17.97
EST,1,2019,2.347,14.635
EST,1,2020,3.225,12.423
EST,1,2021,3.431,13.821
EST,1,2022,2.533,14.29
ETH,1,1990,0.934,3.921
ETH,1,1991,1.006,3.965
ETH,1,1992,1.113,4.05
ETH,1,1993,1.062,4.056
ETH,1,1994,1.147,3.344
ETH,1,1995,1.197,3.703
ETH,1,1996,1.167,3.961
ETH,1,1997,1.423,4.403
ETH,1,1998,2.013,5.16
ETH,1,1999,1.956,5.051
ETH,1,2000,0.343,3.806
ETH,1,2001,0.164,4.428
ETH,1,2002,-0.578,3.853
ETH,1,2003,-0.798,4.072
ETH,1,2004,-1.039,4.119
ETH,1,2005,-0.885,4.071
ETH,1,2006,-0.811,4.508
ETH,1,2007,-1.012,4.828
ETH,1,2008,-1.079,5.338
ETH,1,2009,-0.846,5.608
ETH,1,2010,-1.317,5.027
ETH,1,2011,-1.885,5.525
ETH,1,2012,-0.608,7.45
ETH,1,2013,-1.528,8.311
ETH,1,2014,-1.394,10.278
ETH,1,2015,-1.261,11.438
ETH,1,2016,-1.299,13.196
ETH,1,2017,4.697,19.471
ETH,1,2018,3.552,19.338
ETH,1,2019,3.453,20.689
ETH,1,2020,3.424,19.274
ETH,1,2021,4.051,20.211
ETH,1,2022,4.329,19.486
FIN,1,1990,23.783,80.704
FIN,1,1991,19.353,74.548
FIN,1,1992,49.39,103.662
FIN,1,1993,28.817,85.137
FIN,1,1994,16.593,78.333
FIN,1,1995,17.174,75.296
FIN,1,1996,10.763,74.803
FIN,1,1997,10.823,73.526
FIN,1,1998,12.191,71.549
FIN,1,1999,15.341,74.215
FIN,1,2000,22.071,79.088
FIN,1,2001,18.761,81.282
FIN,1,2002,16.545,81.594
FIN,1,2003,16.79,89.448
FIN,1,2004,16.401,85.347
FIN,1,2005,23.745,80.809
FIN,1,2006,21.399,89.772
FIN,1,2007,21.994,88.758
FIN,1,2008,24.097,82.722
FIN,1,2009,13.908,69.828
FIN,1,2010,18.559,82.651
FIN,1,2011,14.102,70.749
FIN,1,2012,16.646,67.801
FIN,1,2013,14.814,66.533
FIN,1,2014,13.843,61.465
FIN,1,2015,10.945,55.137
FIN,1,2016,9.848,57.099
FIN,1,2017,10.81,55.467
FIN,1,2018,12.136,57.87
FIN,1,2019,10.844,53.286
FIN,1,2020,10.346,48.046
FIN,1,2021,13.606,51.404
FIN,1,2022,13.639,50.006
FRA,1,1990,99.473,493.191
FRA,1,1991,86.132,503.991
FRA,1,1992,138.001,545.317
FRA,1,1993,115.953,503.652
FRA,1,1994,110.654,491.447
FRA,1,1995,115.886,501.696
FRA,1,1996,102.034,504.19
FRA,1,1997,94.812,489.657
FRA,1,1998,96.188,509.447
FRA,1,1999,101.265,513.286
FRA,1,2000,113.122,519.261
FRA,1,2001,108.453,518.898
FRA,1,2002,105.383,511.329
FRA,1,2003,109.335,521.3
FRA,1,2004,128.965,542.344
FRA,1,2005,135.786,551.581
FRA,1,2006,144.751,550.908
FRA,1,2007,154.382,550.392
FRA,1,2008,154.805,543.899
FRA,1,2009,134.206,505.082
FRA,1,2010,126.876,503.333
FRA,1,2011,147.371,501.746
FRA,1,2012,123.666,480.106
FRA,1,2013,108.491,467.194
FRA,1,2014,107.72,434.562
FRA,1,2015,90.918,422.408
FRA,1,2016,95.341,429.541
FRA,1,2017,90.556,427.657
FRA,1,2018,104.838,426.777
FRA,1,2019,99.8,414.815
FRA,1,2020,94.704,375.194
FRA,1,2021,107.491,413.098
FRA,1,2022,114.751,408.252
GEO,1,1990,-6.053,9.896
GEO,1,1991,-4.523,11.349
GEO,1,1992,-5.862,9.415
GEO,1,1993,-1.846,8.07
GEO,1,1994,-1.151,4.917
GEO,1,1995,-0.015,2.275
GEO,1,1996,3.74,7.793
GEO,1,1997,2.528,6.954
GEO,1,1998,2.597,7.536
GEO,1,1999,1.807,6.118
GEO,1,2000,1.627,6.128
GEO,1,2001,2.037,5.762
GEO,1,2002,2.034,5.383
GEO,1,2003,2.107,5.838
GEO,1,2004,3.168,7.44
GEO,1,2005,3.781,8.794
GEO,1,2006,2.92,9.013
GEO,1,2007,3.8,10.162
GEO,1,2008,4.009,9.317
GEO,1,2009,1.505,7.641
GEO,1,2010,1.785,7.993
GEO,1,2011,2.352,10.157
GEO,1,2012,2.721,10.976
GEO,1,2013,2.454,10.466
GEO,1,2014,2.378,11.317
GEO,1,2015,1.999,11.755
GEO,1,2016,1.555,11.623
GEO,1,2017,1.124,11.296
GEO,1,2018,2.431,12.494
GEO,1,2019,1.181,12.068
GEO,1,2020,2.352,12.927
GEO,1,2021,2.781,13.875
GEO,1,2022,1.782,13.309
DEU,1,1990,140.187,1194.983
DEU,1,1991,127.158,1144.088
DEU,1,1992,237.763,1207.227
DEU,1,1993,200.837,1160.223
DEU,1,1994,191.583,1134.81
DEU,1,1995,200.243,1140.176
DEU,1,1996,164.321,1124.011
DEU,1,1997,146.777,1078.285
DEU,1,1998,156.934,1080.433
DEU,1,1999,194.596,1090.038
DEU,1,2000,184.844,1083.82
DEU,1,2001,165.26,1080.515
DEU,1,2002,128.448,1027.282
DEU,1,2003,168.651,1063.152
DEU,1,2004,167.668,1044.238
DEU,1,2005,182.908,1050.789
DEU,1,2006,162.433,1048.868
DEU,1,2007,191.668,1037.784
DEU,1,2008,184.472,1041.08
DEU,1,2009,183.657,973.608
DEU,1,2010,192.528,1019.208
DEU,1,2011,175.284,979.797
DEU,1,2012,104.304,918.394
DEU,1,2013,96.375,928.118
DEU,1,2014,112.173,904.752
DEU,1,2015,94.175,895.02
DEU,1,2016,108.503,906.516
DEU,1,2017,112.216,896.81
DEU,1,2018,126.496,886.542
DEU,1,2019,131.596,841.423
DEU,1,2020,122.566,770.922
DEU,1,2021,149.604,828.381
DEU,1,2022,161.23,832.702
GHA,1,1990,1.082,4.596
GHA,1,1991,1.095,4.997
GHA,1,1992,1.164,4.407
GHA,1,1993,1.135,4.953
GHA,1,1994,1.175,5.714
GHA,1,1995,1.26,5.884
GHA,1,1996,2.199,7.057
GHA,1,1997,3.138,8.652
GHA,1,1998,2.672,8.256
GHA,1,1999,3.982,9.595
GHA,1,2000,2.673,7.986
GHA,1,2001,2.679,8.648
GHA,1,2002,1.809,8.292
GHA,1,2003,2.912,9.596
GHA,1,2004,3.009,9.46
GHA,1,2005,4.158,10.271
GHA,1,2006,4.308,12.831
GHA,1,2007,4.502,13.484
GHA,1,2008,5.576,13.901
GHA,1,2009,4.954,11.822
GHA,1,2010,5.118,14.06
GHA,1,2011,7.185,17.52
GHA,1,2012,9.641,22.285
GHA,1,2013,7.747,20.354
GHA,1,2014,7.742,20.994
GHA,1,2015,7.433,22.001
GHA,1,2016,6.028,19.945
GHA,1,2017,6.807,19.245
GHA,1,2018,4.963,20.153
GHA,1,2019,4.055,20.474
GHA,1,2020,3.249,22.416
GHA,1,2021,4.468,25.015
GHA,1,2022,4.344,24.631
GRC,1,1990,13.063,96.501
GRC,1,1991,12.007,95.415
GRC,1,1992,19.678,104.653
GRC,1,1993,15.155,99.44
GRC,1,1994,12.934,99.364
GRC,1,1995,13.684,100.648
GRC,1,1996,9.898,99.013
GRC,1,1997,6.403,100.204
GRC,1,1998,8.798,107.42
GRC,1,1999,5.619,103.554
GRC,1,2000,1.661,104.634
GRC,1,2001,1.224,106.586
GRC,1,2002,4.626,109.626
GRC,1,2003,-11.662,97.405
GRC,1,2004,-15.545,93.94
GRC,1,2005,-20.219,93.67
GRC,1,2006,-16.329,96.09
GRC,1,2007,-17.477,97.069
GRC,1,2008,-13.665,97.416
GRC,1,2009,2.06,106.38
GRC,1,2010,-5.112,92.243
GRC,1,2011,-11.744,82.761
GRC,1,2012,-16.121,75.271
GRC,1,2013,-17.799,63.914
GRC,1,2014,-18.596,60.04
GRC,1,2015,-18.675,56.251
GRC,1,2016,-13.994,57.365
GRC,1,2017,-17.894,56.948
GRC,1,2018,-13.765,58.013
GRC,1,2019,-12.618,53.119
GRC,1,2020,-3.376,52.182
GRC,1,2021,-6.174,51.346
GRC,1,2022,-9.406,48.674
GTM,1,1990,1.813,6.785
GTM,1,1991,1.844,6.795
GTM,1,1992,2.168,8.088
GTM,1,1993,1.998,7.576
GTM,1,1994,1.869,8.62
GTM,1,1995,2.078,9.156
GTM,1,1996,2.226,8.797
GTM,1,1997,2.681,10.183
GTM,1,1998,3.405,12.044
GTM,1,1999,3.276,12.082
GTM,1,2000,13.223,22.988
GTM,1,2001,-1.459,8.774
GTM,1,2002,-1.408,9.313
GTM,1,2003,-1.338,9.11
GTM,1,2004,-1.706,9.474
GTM,1,2005,-1.946,10.164
GTM,1,2006,-0.98,11.197
GTM,1,2007,-1.219,10.926
GTM,1,2008,-0.846,10.047
GTM,1,2009,-1.381,10.061
GTM,1,2010,-0.772,10.326
GTM,1,2011,-1.67,9.567
GTM,1,2012,-1.945,9.632
GTM,1,2013,-2.08,10.732
GTM,1,2014,-2.426,11.401
GTM,1,2015,-2.521,13.431
GTM,1,2016,-2.68,14.246
GTM,1,2017,-2.091,15.229
GTM,1,2018,4.558,23.08
GTM,1,2019,4.371,23.675
GTM,1,2020,4.012,21.176
GTM,1,2021,4.404,24.209
GTM,1,2022,4.862,23.975
GIN,1,1990,-0.0,1.004
GIN,1,1991,-0.0,1.026
GIN,1,1992,0.0,1.059
GIN,1,1993,0.0,1.088
GIN,1,1994,0.0,1.125
GIN,1,1995,0.0,1.165
GIN,1,1996,0.0,1.235
GIN,1,1997,0.0,1.29
GIN,1,1998,0.0,1.363
GIN,1,1999,0.0,1.433
GIN,1,2000,-0.177,1.314
GIN,1,2001,-0.294,1.267
GIN,1,2002,-0.321,1.302
GIN,1,2003,1.044,2.744
GIN,1,2004,-0.07,1.692
GIN,1,2005,-0.077,1.747
GIN,1,2006,-0.11,1.781
GIN,1,2007,-0.108,1.86
GIN,1,2008,-0.048,1.949
GIN,1,2009,1.163,3.273
GIN,1,2010,1.832,4.316
GIN,1,2011,2.087,4.681
GIN,1,2012,2.136,4.558
GIN,1,2013,-0.056,2.055
GIN,1,2014,-0.103,2.063
GIN,1,2015,-0.04,2.411
GIN,1,2016,2.35,5.092
GIN,1,2017,1.919,5.158
GIN,1,2018,2.061,5.223
GIN,1,2019,1.991,5.911
GIN,1,2020,1.525,6.025
GIN,1,2021,2.076,6.202
GIN,1,2022,2.22,6.414
HND,1,1990,0.822,3.326
HND,1,1991,0.873,3.4
HND,1,1992,1.021,3.824
HND,1,1993,0.88,3.821
HND,1,1994,0.787,4.018
HND,1,1995,0.621,4.457
HND,1,1996,0.9,4.775
HND,1,1997,1.375,5.386
HND,1,1998,1.431,6.242
HND,1,1999,2.034,6.738
HND,1,2000,-1.08,3.952
HND,1,2001,-1.479,4.186
HND,1,2002,-1.613,4.332
HND,1,2003,-1.376,5.311
HND,1,2004,-1.594,5.6
HND,1,2005,-1.479,5.356
HND,1,2006,-1.311,6.387
HND,1,2007,-1.432,6.785
HND,1,2008,5.403,13.936
HND,1,2009,-1.061,6.97
HND,1,2010,-1.306,6.691
HND,1,2011,-1.997,6.863
HND,1,2012,-2.236,6.983
HND,1,2013,8.137,17.501
HND,1,2014,-2.167,7.314
HND,1,2015,-2.214,8.134
HND,1,2016,-2.041,7.681
HND,1,2017,-2.125,8.106
HND,1,2018,-1.894,7.967
HND,1,2019,-2.137,9.082
HND,1,2020,-1.639,7.887
HND,1,2021,-1.8,8.388
HND,1,2022,-1.96,8.522
HKG,1,1990,58.874,86.021
HKG,1,1991,63.409,91.872
HKG,1,1992,66.987,99.906
HKG,1,1993,61.076,95.854
HKG,1,1994,90.449,121.528
HKG,1,1995,95.811,127.078
HKG,1,1996,93.979,122.887
HKG,1,1997,106.927,137.424
HKG,1,1998,76.922,115.847
HKG,1,1999,63.543,106.092
HKG,1,2000,43.838,84.12
HKG,1,2001,39.585,77.387
HKG,1,2002,36.163,75.648
HKG,1,2003,39.738,82.94
HKG,1,2004,40.716,82.285
HKG,1,2005,44.402,88.132
HKG,1,2006,45.419,87.334
HKG,1,2007,42.829,86.402
HKG,1,2008,42.293,85.084
HKG,1,2009,30.348,71.927
HKG,1,2010,39.851,79.914
HKG,1,2011,54.214,97.364
HKG,1,2012,65.109,107.851
HKG,1,2013,77.44,121.747
HKG,1,2014,67.432,112.924
HKG,1,2015,47.788,90.188
HKG,1,2016,40.528,83.894
HKG,1,2017,43.8,86.231
HKG,1,2018,42.627,85.228
HKG,1,2019,43.653,85.554
HKG,1,2020,48.313,81.81
HKG,1,2021,55.994,89.711
HKG,1,2022,63.216,94.748
HUN,1,1990,18.425,91.852
HUN,1,1991,13.93,83.755
HUN,1,1992,32.902,95.182
HUN,1,1993,23.783,86.775
HUN,1,1994,17.823,79.704
HUN,1,1995,14.764,76.228
HUN,1,1996,7.323,70.406
HUN,1,1997,8.206,69.882
HUN,1,1998,9.895,71.15
HUN,1,1999,10.306,71.881
HUN,1,2000,14.813,73.058
HUN,1,2001,16.766,76.594
HUN,1,2002,16.102,74.944
HUN,1,2003,19.677,81.289
HUN,1,2004,19.472,79.457
HUN,1,2005,18.003,78.145
HUN,1,2006,19.262,78.791
HUN,1,2007,23.681,82.13
HUN,1,2008,26.225,83.41
HUN,1,2009,17.814,69.272
HUN,1,2010,20.061,72.054
HUN,1,2011,19.051,69.207
HUN,1,2012,14.951,61.671
HUN,1,2013,17.008,60.495
HUN,1,2014,14.127,57.766
HUN,1,2015,12.608,59.175
HUN,1,2016,13.406,60.445
HUN,1,2017,15.994,65.418
HUN,1,2018,17.452,66.829
HUN,1,2019,16.112,65.278
HUN,1,2020,13.432,60.539
HUN,1,2021,17.322,65.653
HUN,1,2022,17.959,62.802
IND,1,1990,-2.725,575.271
IND,1,1991,-18.842,596.523
IND,1,1992,-9.155,646.292
IND,1,1993,-25.588,651.711
IND,1,1994,-30.893,683.17
IND,1,1995,-41.225,719.237
IND,1,1996,-55.247,768.374
IND,1,1997,-53.939,804.072
IND,1,1998,-56.047,819.726
IND,1,1999,-44.903,915.86
IND,1,2000,-70.587,915.858
IND,1,2001,-77.713,922.813
IND,1,2002,-94.154,937.986
IND,1,2003,-78.394,989.343
IND,1,2004,-90.303,1043.524
IND,1,2005,-90.638,1103.955
IND,1,2006,-113.355,1179.13
IND,1,2007,-95.172,1297.334
IND,1,2008,-108.212,1381.225
IND,1,2009,-87.049,1525.167
IND,1,2010,-99.807,1577.53
IND,1,2011,-134.897,1629.816
IND,1,2012,-134.488,1791.212
IND,1,2013,-214.454,1780.645
IND,1,2014,-191.639,1956.705
IND,1,2015,-140.375,2093.845
IND,1,2016,-170.133,2184.525
IND,1,2017,-145.018,2281.589
IND,1,2018,-161.178,2431.88
IND,1,2019,-160.171,2452.717
IND,1,2020,-173.735,2247.817
IND,1,2021,-224.171,2450.051
IND,1,2022,-264.18,2566.987
IDN,1,1990,-8.51,146.571
IDN,1,1991,-14.716,160.149
IDN,1,1992,-15.008,184.411
IDN,1,1993,-21.115,193.994
IDN,1,1994,-19.877,199.495
IDN,1,1995,-17.856,204.555
IDN,1,1996,-23.835,229.23
IDN,1,1997,-33.005,246.936
IDN,1,1998,-90.754,153.769
IDN,1,1999,-44.603,247.398
IDN,1,2000,-41.272,240.059
IDN,1,2001,-50.562,266.466
IDN,1,2002,-32.803,275.683
IDN,1,2003,-22.909,316.448
IDN,1,2004,-20.843,322.179
IDN,1,2005,-19.43,328.187
IDN,1,2006,-17.066,329.568
IDN,1,2007,-18.92,368.938
IDN,1,2008,1.775,367.493
IDN,1,2009,-3.838,395.104
IDN,1,2010,-0.162,445.644
IDN,1,2011,4.371,505.096
IDN,1,2012,21.592,537.546
IDN,1,2013,23.231,512.286
IDN,1,2014,21.728,509.618
IDN,1,2015,5.44,544.59
IDN,1,2016,9.559,549.645
IDN,1,2017,7.122,564.067
IDN,1,2018,11.145,605.246
IDN,1,2019,10.751,664.543
IDN,1,2020,15.485,623.708
IDN,1,2021,8.327,627.949
IDN,1,2022,-23.36,713.712
IRN,1,1990,-7.98,203.094
IRN,1,1991,-8.829,214.217
IRN,1,1992,-8.047,220.147
IRN,1,1993,-23.006,213.987
IRN,1,1994,-30.253,234.569
IRN,1,1995,-22.121,248.755
IRN,1,1996,-12.811,263.81
IRN,1,1997,-1.266,267.997
IRN,1,1998,2.239,307.881
IRN,1,1999,-49.828,324.624
IRN,1,2000,-76.616,290.598
IRN,1,2001,-75.626,314.283
IRN,1,2002,-94.385,302.646
IRN,1,2003,-46.439,364.528
IRN,1,2004,-52.256,389.864
IRN,1,2005,-64.833,401.952
IRN,1,2006,-63.992,437.026
IRN,1,2007,-15.82,491.955
IRN,1,2008,-12.806,515.729
IRN,1,2009,-21.797,521.616
IRN,1,2010,-73.245,488.251
IRN,1,2011,-80.471,495.675
IRN,1,2012,-45.545,553.576
IRN,1,2013,-92.93,516.909
IRN,1,2014,-87.791,556.36
IRN,1,2015,-38.76,603.151
IRN,1,2016,-82.445,562.238
IRN,1,2017,-93.101,603.299
IRN,1,2018,-105.146,584.637
IRN,1,2019,-82.223,653.124
IRN,1,2020,-66.497,690.109
IRN,1,2021,-83.438,696.318
IRN,1,2022,-103.626,697.12
IRL,1,1990,6.597,39.542
IRL,1,1991,7.573,41.248
IRL,1,1992,9.481,42.977
IRL,1,1993,6.811,40.528
IRL,1,1994,6.307,41.146
IRL,1,1995,6.362,42.215
IRL,1,1996,12.609,50.078
IRL,1,1997,10.408,49.213
IRL,1,1998,8.444,49.153
IRL,1,1999,13.005,55.445
IRL,1,2000,9.238,54.488
IRL,1,2001,9.151,56.759
IRL,1,2002,12.074,58.156
IRL,1,2003,26.565,72.249
IRL,1,2004,20.652,66.819
IRL,1,2005,24.691,72.844
IRL,1,2006,24.726,72.323
IRL,1,2007,25.179,72.836
IRL,1,2008,18.11,65.469
IRL,1,2009,10.811,53.002
IRL,1,2010,8.433,50.224
IRL,1,2011,10.039,48.093
IRL,1,2012,8.721,46.945
IRL,1,2013,9.376,46.655
IRL,1,2014,10.461,47.311
IRL,1,2015,7.793,46.509
IRL,1,2016,8.683,49.05
IRL,1,2017,10.806,49.881
IRL,1,2018,11.715,50.724
IRL,1,2019,12.898,50.221
IRL,1,2020,8.723,43.847
IRL,1,2021,9.156,46.7
IRL,1,2022,10.706,47.417
ISR,1,1990,13.689,49.513
ISR,1,1991,13.928,50.077
ISR,1,1992,15.938,58.02
ISR,1,1993,13.974,58.209
ISR,1,1994,13.706,61.181
ISR,1,1995,15.067,64.933
ISR,1,1996,15.028,66.964
ISR,1,1997,14.677,69.543
ISR,1,1998,15.038,71.048
ISR,1,1999,9.131,63.888
ISR,1,2000,9.151,68.67
ISR,1,2001,7.237,70.26
ISR,1,2002,8.802,68.104
ISR,1,2003,14.65,77.064
ISR,1,2004,17.882,76.561
ISR,1,2005,17.608,74.132
ISR,1,2006,19.057,81.206
ISR,1,2007,18.865,81.665
ISR,1,2008,23.12,91.1
ISR,1,2009,16.572,80.433
ISR,1,2010,17.356,85.642
ISR,1,2011,19.253,87.848
ISR,1,2012,13.774,88.559
ISR,1,2013,16.621,79.717
ISR,1,2014,21.346,81.628
ISR,1,2015,17.628,80.568
ISR,1,2016,19.608,80.772
ISR,1,2017,18.892,77.738
ISR,1,2018,22.0,81.986
ISR,1,2019,21.388,80.044
ISR,1,2020,17.632,76.789
ISR,1,2021,22.565,81.573
ISR,1,2022,22.824,83.77
ITA,1,1990,128.384,566.591
ITA,1,1991,122.528,560.27
ITA,1,1992,172.828,610.764
ITA,1,1993,127.656,557.923
ITA,1,1994,117.27,541.776
ITA,1,1995,114.075,562.67
ITA,1,1996,87.707,530.549
ITA,1,1997,86.504,535.074
ITA,1,1998,83.914,544.737
ITA,1,1999,95.292,560.798
ITA,1,2000,103.754,573.351
ITA,1,2001,92.784,562.462
ITA,1,2002,98.821,575.927
ITA,1,2003,96.357,591.449
ITA,1,2004,107.66,608.346
ITA,1,2005,116.58,617.944
ITA,1,2006,144.064,640.001
ITA,1,2007,137.214,626.867
ITA,1,2008,136.952,615.078
ITA,1,2009,140.756,564.817
ITA,1,2010,167.757,603.467
ITA,1,2011,157.686,581.58
ITA,1,2012,125.123,528.564
ITA,1,2013,121.813,491.288
ITA,1,2014,122.095,471.495
ITA,1,2015,92.514,453.768
ITA,1,2016,82.339,440.484
ITA,1,2017,92.738,445.416
ITA,1,2018,101.335,450.397
ITA,1,2019,95.053,434.686
ITA,1,2020,83.393,385.995
ITA,1,2021,97.442,433.42
ITA,1,2022,99.957,440.629
JAM,1,1990,-0.07,7.457
JAM,1,1991,-0.317,7.434
JAM,1,1992,-0.597,7.111
JAM,1,1993,-0.203,7.798
JAM,1,1994,-0.592,7.596
JAM,1,1995,-0.479,8.694
JAM,1,1996,-2.4,7.288
JAM,1,1997,-2.126,7.942
JAM,1,1998,0.248,9.942
JAM,1,1999,-0.289,9.67
JAM,1,2000,-3.704,6.61
JAM,1,2001,-3.405,7.171
JAM,1,2002,-3.033,7.17
JAM,1,2003,-3.347,7.32
JAM,1,2004,-3.785,6.789
JAM,1,2005,-3.446,6.97
JAM,1,2006,-4.012,7.565
JAM,1,2007,-3.188,7.562
JAM,1,2008,-3.759,7.021
JAM,1,2009,-2.427,5.507
JAM,1,2010,-2.111,5.567
JAM,1,2011,-2.369,5.886
JAM,1,2012,-2.287,5.625
JAM,1,2013,-2.488,6.004
JAM,1,2014,-1.659,6.039
JAM,1,2015,-1.543,6.456
JAM,1,2016,-1.204,6.959
JAM,1,2017,-1.526,6.272
JAM,1,2018,-0.755,7.332
JAM,1,2019,-1.327,8.149
JAM,1,2020,0.227,7.13
JAM,1,2021,0.061,7.406
JAM,1,2022,0.083,7.22
JPN,1,1990,159.631,1317.025
JPN,1,1991,165.963,1335.056
JPN,1,1992,243.326,1422.218
JPN,1,1993,221.597,1393.49
JPN,1,1994,240.228,1467.121
JPN,1,1995,259.278,1498.473
JPN,1,1996,240.185,1491.88
JPN,1,1997,222.832,1467.228
JPN,1,1998,167.588,1372.182
JPN,1,1999,223.155,1464.35
JPN,1,2000,283.463,1547.456
JPN,1,2001,262.351,1511.744
JPN,1,2002,222.09,1501.085
JPN,1,2003,238.031,1525.526
JPN,1,2004,250.683,1533.578
JPN,1,2005,251.372,1541.668
JPN,1,2006,247.32,1514.616
JPN,1,2007,220.263,1523.26
JPN,1,2008,268.839,1501.035
JPN,1,2009,230.863,1394.256
JPN,1,2010,230.728,1445.526
JPN,1,2011,261.608,1526.404
JPN,1,2012,277.698,1583.696
JPN,1,2013,215.265,1530.563
JPN,1,2014,177.9,1441.706
JPN,1,2015,133.231,1356.43
JPN,1,2016,125.98,1329.164
JPN,1,2017,119.721,1307.205
JPN,1,2018,136.613,1279.094
JPN,1,2019,144.799,1250.277
JPN,1,2020,145.326,1185.81
JPN,1,2021,161.01,1222.915
JPN,1,2022,163.752,1196.439
JOR,1,1990,5.674,16.15
JOR,1,1991,4.537,14.44
JOR,1,1992,5.059,17.043
JOR,1,1993,4.599,16.374
JOR,1,1994,4.665,17.915
JOR,1,1995,5.231,18.439
JOR,1,1996,1.191,15.016
JOR,1,1997,3.536,17.61
JOR,1,1998,3.851,18.104
JOR,1,1999,3.056,17.323
JOR,1,2000,2.532,17.732
JOR,1,2001,4.142,19.751
JOR,1,2002,4.189,20.609
JOR,1,2003,3.023,20.006
JOR,1,2004,3.334,22.005
JOR,1,2005,4.083,24.52
JOR,1,2006,3.931,24.458
JOR,1,2007,4.496,25.932
JOR,1,2008,7.998,28.716
JOR,1,2009,8.983,30.319
JOR,1,2010,6.65,27.266
JOR,1,2011,8.686,29.93
JOR,1,2012,10.305,34.12
JOR,1,2013,11.556,35.375
JOR,1,2014,9.484,35.383
JOR,1,2015,9.592,35.142
JOR,1,2016,6.959,31.657
JOR,1,2017,5.722,31.536
JOR,1,2018,6.169,31.311
JOR,1,2019,5.612,30.359
JOR,1,2020,6.702,27.662
JOR,1,2021,7.794,28.432
JOR,1,2022,7.676,27.93
KAZ,1,1990,11.624,279.797
KAZ,1,1991,-53.688,207.378
KAZ,1,1992,-107.781,128.35
KAZ,1,1993,-43.455,164.762
KAZ,1,1994,-32.762,142.172
KAZ,1,1995,-38.648,129.638
KAZ,1,1996,-39.717,114.788
KAZ,1,1997,-38.914,107.511
KAZ,1,1998,-30.931,113.351
KAZ,1,1999,-21.539,97.726
KAZ,1,2000,-40.322,103.059
KAZ,1,2001,-22.326,116.442
KAZ,1,2002,-33.022,124.503
KAZ,1,2003,-51.29,124.565
KAZ,1,2004,-55.865,130.491
KAZ,1,2005,-57.883,142.159
KAZ,1,2006,-58.271,162.304
KAZ,1,2007,-52.589,174.156
KAZ,1,2008,-67.866,158.965
KAZ,1,2009,-70.691,153.859
KAZ,1,2010,-109.912,138.891
KAZ,1,2011,-112.862,126.126
KAZ,1,2012,-116.964,129.381
KAZ,1,2013,-101.113,154.052
KAZ,1,2014,-118.83,155.46
KAZ,1,2015,-82.776,195.885
KAZ,1,2016,-98.371,179.325
KAZ,1,2017,-105.69,187.786
KAZ,1,2018,-135.349,171.825
KAZ,1,2019,-113.635,161.654
KAZ,1,2020,-83.535,171.952
KAZ,1,2021,-90.941,164.202
KAZ,1,2022,-116.239,138.176
KEN,1,1990,2.342,8.161
KEN,1,1991,2.463,7.297
KEN,1,1992,2.876,8.412
KEN,1,1993,2.38,8.722
KEN,1,1994,2.508,9.061
KEN,1,1995,2.797,10.346
KEN,1,1996,0.191,9.483
KEN,1,1997,1.172,9.382
KEN,1,1998,3.055,13.015
KEN,1,1999,1.151,11.222
KEN,1,2000,1.56,11.968
KEN,1,2001,2.924,12.202
KEN,1,2002,2.256,10.146
KEN,1,2003,2.796,9.494
KEN,1,2004,2.463,10.053
KEN,1,2005,3.109,11.664
KEN,1,2006,3.702,13.268
KEN,1,2007,4.432,14.256
KEN,1,2008,4.892,15.125
KEN,1,2009,4.736,17.079
KEN,1,2010,4.723,16.886
KEN,1,2011,5.799,19.247
KEN,1,2012,7.645,20.15
KEN,1,2013,9.778,23.236
KEN,1,2014,13.277,27.809
KEN,1,2015,10.679,27.678
KEN,1,2016,9.341,27.475
KEN,1,2017,8.542,26.251
KEN,1,2018,8.777,27.615
KEN,1,2019,8.746,28.542
KEN,1,2020,8.115,30.097
KEN,1,2021,9.457,31.771
KEN,1,2022,10.22,31.618
KWT,1,1990,1.088,38.895
KWT,1,1991,-470.486,22.355
KWT,1,1992,3.784,33.432
KWT,1,1993,-1.238,47.892
KWT,1,1994,-3.246,53.95
KWT,1,1995,-3.092,53.035
KWT,1,1996,-6.774,44.853
KWT,1,1997,-7.428,49.193
KWT,1,1998,1.56,54.372
KWT,1,1999,-10.711,44.267
KWT,1,2000,-21.603,33.287
KWT,1,2001,-19.358,39.693
KWT,1,2002,-14.481,45.505
KWT,1,2003,-10.33,52.007
KWT,1,2004,-12.451,53.18
KWT,1,2005,-8.544,65.884
KWT,1,2006,-12.056,63.993
KWT,1,2007,-9.251,67.909
KWT,1,2008,-12.711,71.572
KWT,1,2009,-11.876,76.843
KWT,1,2010,-12.28,78.593
KWT,1,2011,-11.904,76.063
KWT,1,2012,-22.339,79.959
KWT,1,2013,-7.344,76.968
KWT,1,2014,-0.641,75.794
KWT,1,2015,2.344,96.852
KWT,1,2016,-2.501,107.404
KWT,1,2017,-3.816,100.135
KWT,1,2018,-2.747,103.976
KWT,1,2019,-1.353,107.195
KWT,1,2020,2.525,98.18
KWT,1,2021,1.305,96.436
KWT,1,2022,-0.191,97.269
KGZ,1,1990,0.826,20.024
KGZ,1,1991,1.613,17.506
KGZ,1,1992,6.891,17.933
KGZ,1,1993,4.8,13.268
KGZ,1,1994,4.572,10.716
KGZ,1,1995,6.294,10.801
KGZ,1,1996,3.145,8.797
KGZ,1,1997,-0.238,5.323
KGZ,1,1998,4.927,10.828
KGZ,1,1999,1.18,5.823
KGZ,1,2000,1.611,6.186
KGZ,1,2001,0.862,4.719
KGZ,1,2002,0.724,5.642
KGZ,1,2003,-0.145,5.23
KGZ,1,2004,0.834,6.642
KGZ,1,2005,1.873,7.392
KGZ,1,2006,3.203,8.664
KGZ,1,2007,3.093,9.615
KGZ,1,2008,8.788,16.269
KGZ,1,2009,6.369,13.079
KGZ,1,2010,5.003,11.358
KGZ,1,2011,5.255,12.875
KGZ,1,2012,8.007,18.093
KGZ,1,2013,7.356,17.09
KGZ,1,2014,7.666,17.903
KGZ,1,2015,5.818,16.083
KGZ,1,2016,7.406,17.028
KGZ,1,2017,7.234,16.594
KGZ,1,2018,8.512,19.684
KGZ,1,2019,8.232,17.275
KGZ,1,2020,7.716,16.065
KGZ,1,2021,8.268,18.594
KGZ,1,2022,8.983,19.015
LAO,1,1990,0.291,0.804
LAO,1,1991,0.318,0.864
LAO,1,1992,0.328,0.921
LAO,1,1993,0.339,0.947
LAO,1,1994,0.409,1.043
LAO,1,1995,0.478,1.149
LAO,1,1996,0.457,1.207
LAO,1,1997,0.401,1.193
LAO,1,1998,0.432,1.252
LAO,1,1999,0.379,1.224
LAO,1,2000,1.501,2.462
LAO,1,2001,1.506,2.569
LAO,1,2002,1.504,2.669
LAO,1,2003,0.781,2.002
LAO,1,2004,1.075,2.357
LAO,1,2005,0.973,2.31
LAO,1,2006,1.247,3.004
LAO,1,2007,1.369,3.204
LAO,1,2008,1.661,3.793
LAO,1,2009,2.2,4.867
LAO,1,2010,-0.749,2.256
LAO,1,2011,-0.942,2.228
LAO,1,2012,-0.79,2.608
LAO,1,2013,-0.916,3.345
LAO,1,2014,-0.928,3.522
LAO,1,2015,-1.891,7.338
LAO,1,2016,-3.716,12.742
LAO,1,2017,1.228,20.912
LAO,1,2018,1.002,21.561
LAO,1,2019,1.927,21.007
LAO,1,2020,2.031,21.523
LAO,1,2021,0.334,23.135
LAO,1,2022,0.852,24.288
LVA,1,1990,1.905,21.566
LVA,1,1991,1.933,19.853
LVA,1,1992,4.202,18.396
LVA,1,1993,2.711,14.633
LVA,1,1994,3.378,13.749
LVA,1,1995,3.56,12.694
LVA,1,1996,5.045,14.256
LVA,1,1997,4.976,13.656
LVA,1,1998,5.137,13.443
LVA,1,1999,4.612,12.33
LVA,1,2000,7.615,14.696
LVA,1,2001,6.221,13.718
LVA,1,2002,6.049,13.569
LVA,1,2003,6.869,14.595
LVA,1,2004,6.212,13.943
LVA,1,2005,5.606,13.417
LVA,1,2006,6.909,15.219
LVA,1,2007,9.1,17.737
LVA,1,2008,8.039,16.237
LVA,1,2009,4.566,12.022
LVA,1,2010,4.803,13.357
LVA,1,2011,5.661,13.472
LVA,1,2012,5.793,13.313
LVA,1,2013,5.374,12.742
LVA,1,2014,4.698,11.87
LVA,1,2015,4.701,11.963
LVA,1,2016,4.806,12.017
LVA,1,2017,7.037,14.252
LVA,1,2018,8.24,16.097
LVA,1,2019,7.735,15.383
LVA,1,2020,6.699,13.697
LVA,1,2021,7.906,15.144
LVA,1,2022,8.014,14.633
LTU,1,1990,7.494,43.266
LTU,1,1991,8.009,45.864
LTU,1,1992,31.315,52.518
LTU,1,1993,16.073,32.428
LTU,1,1994,12.912,28.714
LTU,1,1995,12.922,28.014
LTU,1,1996,6.982,22.757
LTU,1,1997,6.508,21.706
LTU,1,1998,6.207,22.239
LTU,1,1999,6.408,19.892
LTU,1,2000,8.345,20.223
LTU,1,2001,7.509,20.138
LTU,1,2002,6.677,19.378
LTU,1,2003,9.952,22.647
LTU,1,2004,8.313,21.603
LTU,1,2005,7.575,21.475
LTU,1,2006,8.967,23.201
LTU,1,2007,8.891,24.41
LTU,1,2008,7.63,22.588
LTU,1,2009,8.386,21.246
LTU,1,2010,6.841,20.676
LTU,1,2011,9.632,23.624
LTU,1,2012,7.177,21.261
LTU,1,2013,7.923,21.103
LTU,1,2014,8.376,21.261
LTU,1,2015,7.346,20.434
LTU,1,2016,8.238,21.393
LTU,1,2017,8.923,22.243
LTU,1,2018,9.483,22.954
LTU,1,2019,8.076,21.783
LTU,1,2020,6.471,20.034
LTU,1,2021,8.317,22.168
LTU,1,2022,8.899,21.755
LUX,1,1990,0.0,11.813
LUX,1,1991,0.0,12.424
LUX,1,1992,0.0,12.192
LUX,1,1993,0.0,12.341
LUX,1,1994,0.0,11.525
LUX,1,1995,0.0,9.136
LUX,1,1996,0.0,9.186
LUX,1,1997,0.0,8.547
LUX,1,1998,0.0,7.655
LUX,1,1999,0.538,8.656
LUX,1,2000,-0.327,8.376
LUX,1,2001,-0.593,8.613
LUX,1,2002,-0.155,9.824
LUX,1,2003,1.073,11.524
LUX,1,2004,1.291,13.11
LUX,1,2005,2.347,14.424
LUX,1,2006,2.999,14.907
LUX,1,2007,0.571,11.876
LUX,1,2008,4.699,15.869
LUX,1,2009,-1.192,9.433
LUX,1,2010,-0.42,10.775
LUX,1,2011,1.079,12.176
LUX,1,2012,1.169,12.035
LUX,1,2013,1.268,11.602
LUX,1,2014,1.499,11.315
LUX,1,2015,1.655,11.0
LUX,1,2016,0.725,9.816
LUX,1,2017,0.447,9.71
LUX,1,2018,0.034,9.601
LUX,1,2019,-0.435,9.327
LUX,1,2020,-0.101,7.974
LUX,1,2021,0.373,8.794
LUX,1,2022,1.499,8.776
MDG,1,1990,0.457,1.401
MDG,1,1991,0.438,1.463
MDG,1,1992,0.463,1.466
MDG,1,1993,0.504,1.537
MDG,1,1994,0.505,1.657
MDG,1,1995,0.506,1.699
MDG,1,1996,0.182,1.428
MDG,1,1997,0.255,1.79
MDG,1,1998,0.594,2.213
MDG,1,1999,0.771,2.533
MDG,1,2000,0.76,2.707
MDG,1,2001,0.873,2.616
MDG,1,2002,0.8,2.036
MDG,1,2003,1.149,2.841
MDG,1,2004,1.056,2.86
MDG,1,2005,1.24,2.981
MDG,1,2006,1.121,2.795
MDG,1,2007,1.172,2.907
MDG,1,2008,2.42,4.199
MDG,1,2009,1.796,3.503
MDG,1,2010,1.332,3.204
MDG,1,2011,1.404,3.778
MDG,1,2012,1.317,4.061
MDG,1,2013,1.543,4.736
MDG,1,2014,1.81,4.906
MDG,1,2015,1.603,4.853
MDG,1,2016,1.481,4.855
MDG,1,2017,1.585,5.561
MDG,1,2018,1.334,5.067
MDG,1,2019,1.309,5.606
MDG,1,2020,1.458,5.433
MDG,1,2021,1.585,6.039
MDG,1,2022,1.557,5.867
MWI,1,1990,0.794,1.534
MWI,1,1991,0.757,1.545
MWI,1,1992,0.739,1.526
MWI,1,1993,0.808,1.69
MWI,1,1994,0.815,1.717
MWI,1,1995,0.871,1.778
MWI,1,1996,1.112,2.031
MWI,1,1997,1.076,1.991
MWI,1,1998,1.037,1.939
MWI,1,1999,1.0,1.893
MWI,1,2000,-0.045,0.813
MWI,1,2001,-0.051,0.722
MWI,1,2002,-0.02,0.836
MWI,1,2003,0.066,0.985
MWI,1,2004,-0.064,0.838
MWI,1,2005,-0.063,0.786
MWI,1,2006,0.028,0.876
MWI,1,2007,-0.075,0.845
MWI,1,2008,-0.067,0.931
MWI,1,2009,-0.108,0.905
MWI,1,2010,-0.063,0.905
MWI,1,2011,-0.072,0.985
MWI,1,2012,0.009,1.075
MWI,1,2013,-0.121,1.025
MWI,1,2014,-0.092,0.949
MWI,1,2015,-0.094,0.989
MWI,1,2016,0.036,1.242
MWI,1,2017,-0.09,1.139
MWI,1,2018,0.928,2.651
MWI,1,2019,0.956,2.677
MWI,1,2020,1.027,2.795
MWI,1,2021,1.143,3.028
MWI,1,2022,1.197,2.945
MYS,1,1990,11.725,65.994
MYS,1,1991,7.019,72.804
MYS,1,1992,8.452,81.413
MYS,1,1993,0.492,87.104
MYS,1,1994,-0.47,87.027
MYS,1,1995,-11.219,98.376
MYS,1,1996,-9.515,100.593
MYS,1,1997,-6.398,112.073
MYS,1,1998,-30.437,79.345
MYS,1,1999,-10.385,93.601
MYS,1,2000,-11.082,111.796
MYS,1,2001,-13.213,117.677
MYS,1,2002,-8.367,123.668
MYS,1,2003,-27.428,125.957
MYS,1,2004,-35.479,134.2
MYS,1,2005,-32.674,137.293
MYS,1,2006,-31.565,138.601
MYS,1,2007,-26.258,149.193
MYS,1,2008,-29.119,163.728
MYS,1,2009,-35.016,157.103
MYS,1,2010,-20.867,178.479
MYS,1,2011,-11.608,191.845
MYS,1,2012,-3.171,209.819
MYS,1,2013,-3.206,238.465
MYS,1,2014,-6.382,238.668
MYS,1,2015,-9.2,226.738
MYS,1,2016,-12.718,224.576
MYS,1,2017,-16.732,227.725
MYS,1,2018,-15.301,247.342
MYS,1,2019,-21.775,258.067
MYS,1,2020,-17.35,245.849
MYS,1,2021,-16.759,256.393
MYS,1,2022,-20.404,265.044
MLT,1,1990,0.967,3.394
MLT,1,1991,0.973,3.245
MLT,1,1992,1.174,3.468
MLT,1,1993,0.843,3.729
MLT,1,1994,1.019,3.677
MLT,1,1995,1.288,3.74
MLT,1,1996,1.325,3.859
MLT,1,1997,1.068,3.625
MLT,1,1998,2.236,4.761
MLT,1,1999,1.628,4.201
MLT,1,2000,2.126,4.595
MLT,1,2001,2.097,4.834
MLT,1,2002,2.309,5.057
MLT,1,2003,1.49,4.451
MLT,1,2004,1.454,4.303
MLT,1,2005,0.645,3.295
MLT,1,2006,1.196,3.851
MLT,1,2007,2.025,4.753
MLT,1,2008,3.209,5.931
MLT,1,2009,2.108,4.669
MLT,1,2010,3.299,5.919
MLT,1,2011,5.549,8.157
MLT,1,2012,5.183,7.932
MLT,1,2013,4.053,6.483
MLT,1,2014,5.184,7.601
MLT,1,2015,6.717,8.416
MLT,1,2016,7.804,9.179
MLT,1,2017,7.193,8.73
MLT,1,2018,8.799,10.346
MLT,1,2019,8.174,9.823
MLT,1,2020,6.827,8.428
MLT,1,2021,8.517,10.128
MLT,1,2022,8.786,10.56
MUS,1,1990,1.232,2.694
MUS,1,1991,1.298,2.818
MUS,1,1992,1.412,3.12
MUS,1,1993,1.416,3.19
MUS,1,1994,1.56,3.183
MUS,1,1995,1.621,3.449
MUS,1,1996,2.044,3.993
MUS,1,1997,1.965,3.961
MUS,1,1998,1.572,3.741
MUS,1,1999,1.403,3.829
MUS,1,2000,1.926,4.616
MUS,1,2001,1.572,4.434
MUS,1,2002,1.633,4.517
MUS,1,2003,1.674,4.734
MUS,1,2004,2.011,5.1
MUS,1,2005,1.215,4.509
MUS,1,2006,1.235,4.863
MUS,1,2007,1.074,4.76
MUS,1,2008,1.557,5.323
MUS,1,2009,1.145,4.853
MUS,1,2010,0.974,4.888
MUS,1,2011,1.075,4.992
MUS,1,2012,1.101,5.065
MUS,1,2013,1.048,5.115
MUS,1,2014,1.145,5.351
MUS,1,2015,0.82,5.03
MUS,1,2016,0.925,5.27
MUS,1,2017,1.081,5.617
MUS,1,2018,1.23,5.689
MUS,1,2019,1.24,5.761
MUS,1,2020,1.465,5.272
MUS,1,2021,1.711,5.683
MUS,1,2022,1.603,5.531
MEX,1,1990,5.517,322.263
MEX,1,1991,9.675,339.502
MEX,1,1992,14.604,347.058
MEX,1,1993,16.046,353.768
MEX,1,1994,14.28,365.814
MEX,1,1995,-5.797,325.108
MEX,1,1996,-0.796,340.748
MEX,1,1997,14.44,376.903
MEX,1,1998,20.2,401.301
MEX,1,1999,23.646,409.686
MEX,1,2000,50.064,441.503
MEX,1,2001,42.875,450.36
MEX,1,2002,42.943,453.244
MEX,1,2003,17.38,453.349
MEX,1,2004,34.55,473.139
MEX,1,2005,30.905,494.337
MEX,1,2006,33.701,508.22
MEX,1,2007,27.983,501.578
MEX,1,2008,36.749,509.73
MEX,1,2009,29.914,490.208
MEX,1,2010,45.114,501.523
MEX,1,2011,61.319,544.62
MEX,1,2012,53.275,554.764
MEX,1,2013,66.627,562.042
MEX,1,2014,69.82,553.865
MEX,1,2015,63.818,543.252
MEX,1,2016,52.835,531.663
MEX,1,2017,54.321,518.727
MEX,1,2018,55.707,524.121
MEX,1,2019,50.121,518.357
MEX,1,2020,33.709,462.649
MEX,1,2021,48.2,495.034
MEX,1,2022,51.514,516.85
MNG,1,1990,-0.877,8.914
MNG,1,1991,-3.211,8.749
MNG,1,1992,-1.763,9.18
MNG,1,1993,-3.136,6.057
MNG,1,1994,-2.03,5.835
MNG,1,1995,-1.891,5.946
MNG,1,1996,-0.451,7.484
MNG,1,1997,-1.54,6.075
MNG,1,1998,-1.223,6.398
MNG,1,1999,-0.868,6.62
MNG,1,2000,-0.382,7.049
MNG,1,2001,-0.313,7.491
MNG,1,2002,-0.405,7.791
MNG,1,2003,0.358,8.289
MNG,1,2004,0.0,8.502
MNG,1,2005,0.21,8.725
MNG,1,2006,0.295,9.577
MNG,1,2007,0.3,12.257
MNG,1,2008,1.162,13.08
MNG,1,2009,0.418,13.444
MNG,1,2010,0.906,14.678
MNG,1,2011,1.936,23.304
MNG,1,2012,1.676,36.675
MNG,1,2013,-0.012,43.466
MNG,1,2014,-0.45,29.176
MNG,1,2015,0.225,23.508
MNG,1,2016,-1.826,23.803
MNG,1,2017,-3.68,30.455
MNG,1,2018,-4.329,40.987
MNG,1,2019,-5.231,42.012
MNG,1,2020,-3.521,33.552
MNG,1,2021,-3.602,38.251
MNG,1,2022,-4.462,38.952
MAR,1,1990,8.171,30.469
MAR,1,1991,7.069,30.757
MAR,1,1992,11.054,35.79
MAR,1,1993,8.277,35.056
MAR,1,1994,7.55,35.674
MAR,1,1995,7.827,36.577
MAR,1,1996,4.064,33.588
MAR,1,1997,2.312,32.29
MAR,1,1998,4.08,34.961
MAR,1,1999,6.241,38.227
MAR,1,2000,5.256,38.455
MAR,1,2001,4.733,41.539
MAR,1,2002,5.969,43.275
MAR,1,2003,3.195,39.766
MAR,1,2004,3.389,45.614
MAR,1,2005,2.537,47.198
MAR,1,2006,3.295,49.544
MAR,1,2007,5.319,54.232
MAR,1,2008,8.608,59.977
MAR,1,2009,6.297,57.157
MAR,1,2010,4.95,59.315
MAR,1,2011,8.127,62.995
MAR,1,2012,7.201,64.155
MAR,1,2013,7.033,63.639
MAR,1,2014,6.156,63.33
MAR,1,2015,5.1,63.596
MAR,1,2016,7.136,65.594
MAR,1,2017,5.502,66.606
MAR,1,2018,5.868,68.174
MAR,1,2019,3.594,72.333
MAR,1,2020,2.738,67.302
MAR,1,2021,3.783,74.028
MAR,1,2022,1.397,70.903
MOZ,1,1990,2.994,4.02
MOZ,1,1991,2.786,3.728
MOZ,1,1992,2.541,3.568
MOZ,1,1993,2.775,3.915
MOZ,1,1994,2.846,3.944
MOZ,1,1995,3.096,4.227
MOZ,1,1996,1.774,2.865
MOZ,1,1997,0.711,1.881
MOZ,1,1998,1.664,2.776
MOZ,1,1999,2.778,3.946
MOZ,1,2000,3.027,4.349
MOZ,1,2001,3.292,4.846
MOZ,1,2002,3.172,4.709
MOZ,1,2003,3.289,5.145
MOZ,1,2004,3.288,5.152
MOZ,1,2005,3.794,5.564
MOZ,1,2006,4.115,6.031
MOZ,1,2007,4.939,7.128
MOZ,1,2008,6.076,8.256
MOZ,1,2009,6.104,8.543
MOZ,1,2010,5.609,8.244
MOZ,1,2011,7.722,10.828
MOZ,1,2012,6.76,9.811
MOZ,1,2013,9.861,13.44
MOZ,1,2014,10.015,18.137
MOZ,1,2015,8.552,15.282
MOZ,1,2016,7.423,15.97
MOZ,1,2017,5.77,12.675
MOZ,1,2018,5.754,12.764
MOZ,1,2019,6.16,13.261
MOZ,1,2020,6.058,12.434
MOZ,1,2021,6.331,14.199
MOZ,1,2022,5.968,14.326
NAM,1,1990,,0.0
NAM,1,1991,0.0,1.044
NAM,1,1992,0.0,1.136
NAM,1,1993,0.0,1.374
NAM,1,1994,-0.0,1.557
NAM,1,1995,0.0,1.619
NAM,1,1996,0.0,1.718
NAM,1,1997,0.0,1.817
NAM,1,1998,-0.0,1.865
NAM,1,1999,0.0,1.74
NAM,1,2000,-0.069,1.653
NAM,1,2001,-0.064,2.164
NAM,1,2002,-0.23,1.741
NAM,1,2003,-0.265,1.827
NAM,1,2004,-0.143,2.1
NAM,1,2005,-0.148,2.38
NAM,1,2006,-0.217,2.3
NAM,1,2007,0.236,2.563
NAM,1,2008,0.479,3.337
NAM,1,2009,0.23,2.894
NAM,1,2010,4.312,7.096
NAM,1,2011,4.255,7.037
NAM,1,2012,5.794,8.996
NAM,1,2013,6.357,9.947
NAM,1,2014,7.813,11.553
NAM,1,2015,7.181,11.113
NAM,1,2016,7.183,11.157
NAM,1,2017,5.182,9.281
NAM,1,2018,4.627,8.837
NAM,1,2019,4.837,9.076
NAM,1,2020,4.721,8.553
NAM,1,2021,5.4,9.301
NAM,1,2022,5.276,9.36
NPL,1,1990,0.433,1.154
NPL,1,1991,0.498,1.524
NPL,1,1992,0.496,1.729
NPL,1,1993,0.515,1.912
NPL,1,1994,0.512,2.131
NPL,1,1995,0.481,2.79
NPL,1,1996,0.466,2.819
NPL,1,1997,0.421,3.062
NPL,1,1998,1.887,4.11
NPL,1,1999,3.086,6.277
NPL,1,2000,-0.349,2.688
NPL,1,2001,0.747,3.983
NPL,1,2002,1.081,3.677
NPL,1,2003,-0.268,2.542
NPL,1,2004,1.735,4.317
NPL,1,2005,1.631,4.617
NPL,1,2006,1.861,4.318
NPL,1,2007,2.219,4.789
NPL,1,2008,2.789,6.141
NPL,1,2009,-0.457,3.673
NPL,1,2010,-0.392,4.432
NPL,1,2011,-0.39,4.83
NPL,1,2012,-0.403,5.067
NPL,1,2013,-0.323,5.894
NPL,1,2014,-0.643,6.949
NPL,1,2015,-0.585,6.32
NPL,1,2016,-0.65,9.438
NPL,1,2017,-0.802,11.618
NPL,1,2018,12.058,26.057
NPL,1,2019,11.739,24.489
NPL,1,2020,10.894,26.526
NPL,1,2021,13.705,29.428
NPL,1,2022,15.15,31.239
NLD,1,1990,39.253,202.05
NLD,1,1991,38.497,209.691
NLD,1,1992,66.928,237.925
NLD,1,1993,48.299,219.263
NLD,1,1994,43.898,215.629
NLD,1,1995,46.044,219.305
NLD,1,1996,34.636,216.958
NLD,1,1997,36.081,211.328
NLD,1,1998,40.206,216.385
NLD,1,1999,-23.726,147.11
NLD,1,2000,-41.737,130.199
NLD,1,2001,-49.681,127.566
NLD,1,2002,-44.614,131.912
NLD,1,2003,2.839,182.803
NLD,1,2004,8.685,190.577
NLD,1,2005,38.546,216.477
NLD,1,2006,58.054,231.139
NLD,1,2007,26.458,199.291
NLD,1,2008,45.776,221.481
NLD,1,2009,23.374,193.608
NLD,1,2010,39.767,222.055
NLD,1,2011,41.891,211.053
NLD,1,2012,23.213,188.788
NLD,1,2013,24.319,189.077
NLD,1,2014,12.703,170.045
NLD,1,2015,4.427,168.171
NLD,1,2016,3.785,168.393
NLD,1,2017,5.998,168.076
NLD,1,2018,11.077,169.119
NLD,1,2019,14.572,166.994
NLD,1,2020,13.881,150.551
NLD,1,2021,21.722,161.406
NLD,1,2022,30.392,157.633
NZL,1,1990,1.378,26.875
NZL,1,1991,0.823,26.999
NZL,1,1992,0.153,28.316
NZL,1,1993,0.578,28.332
NZL,1,1994,1.187,29.082
NZL,1,1995,2.336,30.336
NZL,1,1996,2.758,32.059
NZL,1,1997,2.567,33.841
NZL,1,1998,1.659,31.512
NZL,1,1999,2.727,34.187
NZL,1,2000,-0.17,32.071
NZL,1,2001,-0.765,33.614
NZL,1,2002,-0.204,34.338
NZL,1,2003,1.426,37.669
NZL,1,2004,3.149,38.986
NZL,1,2005,4.334,41.759
NZL,1,2006,2.521,39.85
NZL,1,2007,3.786,40.194
NZL,1,2008,2.953,40.459
NZL,1,2009,0.983,35.6
NZL,1,2010,1.513,36.321
NZL,1,2011,2.631,36.893
NZL,1,2012,2.834,38.775
NZL,1,2013,4.054,39.292
NZL,1,2014,3.591,39.026
NZL,1,2015,2.723,38.525
NZL,1,2016,3.973,38.118
NZL,1,2017,2.802,38.487
NZL,1,2018,3.205,38.907
NZL,1,2019,2.773,39.505
NZL,1,2020,4.754,38.777
NZL,1,2021,6.535,40.858
NZL,1,2022,7.558,39.168
NIC,1,1990,0.642,2.686
NIC,1,1991,0.663,2.649
NIC,1,1992,0.804,3.177
NIC,1,1993,0.74,3.022
NIC,1,1994,0.711,3.229
NIC,1,1995,0.678,3.433
NIC,1,1996,0.578,3.425
NIC,1,1997,0.667,3.781
NIC,1,1998,0.794,4.187
NIC,1,1999,0.899,4.497
NIC,1,2000,0.703,4.424
NIC,1,2001,0.664,4.586
NIC,1,2002,0.577,4.567
NIC,1,2003,0.672,5.007
NIC,1,2004,0.786,5.164
NIC,1,2005,0.875,5.146
NIC,1,2006,1.25,5.668
NIC,1,2007,1.577,6.127
NIC,1,2008,1.284,5.649
NIC,1,2009,1.078,5.523
NIC,1,2010,0.882,5.35
NIC,1,2011,0.675,5.481
NIC,1,2012,1.141,5.691
NIC,1,2013,1.151,5.756
NIC,1,2014,1.677,6.422
NIC,1,2015,1.972,7.403
NIC,1,2016,2.004,7.41
NIC,1,2017,1.753,7.215
NIC,1,2018,1.689,6.888
NIC,1,2019,1.489,6.711
NIC,1,2020,1.199,5.859
NIC,1,2021,1.397,6.542
NIC,1,2022,1.491,6.787
NGA,1,1990,-0.986,37.871
NGA,1,1991,-2.049,39.88
NGA,1,1992,-2.366,43.9
NGA,1,1993,-1.004,43.81
NGA,1,1994,-2.045,78.417
NGA,1,1995,-7.53,76.813
NGA,1,1996,-9.111,88.779
NGA,1,1997,-5.856,89.925
NGA,1,1998,-0.28,86.213
NGA,1,1999,-21.704,63.289
NGA,1,2000,-47.83,49.81
NGA,1,2001,-29.44,71.514
NGA,1,2002,-18.806,71.673
NGA,1,2003,-17.188,83.576
NGA,1,2004,-9.748,85.805
NGA,1,2005,-7.472,94.848
NGA,1,2006,-16.201,74.786
NGA,1,2007,-0.057,83.329
NGA,1,2008,1.919,92.314
NGA,1,2009,8.403,88.749
NGA,1,2010,-12.888,101.645
NGA,1,2011,-25.34,103.855
NGA,1,2012,-35.861,78.21
NGA,1,2013,-6.094,116.553
NGA,1,2014,-7.722,121.554
NGA,1,2015,6.231,122.061
NGA,1,2016,0.201,124.054
NGA,1,2017,-5.49,113.231
NGA,1,2018,-6.478,106.134
NGA,1,2019,-9.641,124.183
NGA,1,2020,2.677,132.174
NGA,1,2021,0.103,135.174
NGA,1,2022,-5.964,125.605
NOR,1,2003,-1.677,42.223
NOR,1,2004,0.684,44.92
NOR,1,2005,0.847,44.11
NOR,1,2006,5.965,49.807
NOR,1,2007,9.415,55.003
NOR,1,2008,6.071,50.746
NOR,1,2009,8.069,51.15
NOR,1,2010,9.512,55.133
NOR,1,2011,6.248,50.995
NOR,1,2012,3.617,47.845
NOR,1,2013,3.933,48.449
NOR,1,2014,3.059,48.017
NOR,1,2015,4.441,49.935
NOR,1,2016,4.418,49.096
NOR,1,2017,5.691,49.856
NOR,1,2018,5.089,49.494
NOR,1,2019,6.146,48.939
NOR,1,2020,5.84,47.071
NOR,1,2021,3.498,44.526
NOR,1,2022,-3.471,37.337
OMN,1,1990,1.293,12.515
OMN,1,1991,1.745,13.34
OMN,1,1992,1.776,13.669
OMN,1,1993,2.093,15.318
OMN,1,1994,1.606,18.991
OMN,1,1995,1.273,20.008
OMN,1,1996,1.124,19.232
OMN,1,1997,1.225,19.279
OMN,1,1998,1.774,20.22
OMN,1,1999,-2.776,19.21
OMN,1,2000,-3.124,20.767
OMN,1,2001,-0.651,21.754
OMN,1,2002,-3.436,23.406
OMN,1,2003,-0.184,34.172
OMN,1,2004,-2.404,26.62
OMN,1,2005,-4.983,26.618
OMN,1,2006,-4.722,35.445
OMN,1,2007,-4.305,40.766
OMN,1,2008,-2.842,44.348
OMN,1,2009,-0.295,43.983
OMN,1,2010,-5.796,45.382
OMN,1,2011,-8.263,48.748
OMN,1,2012,-8.731,53.996
OMN,1,2013,-8.397,56.875
OMN,1,2014,-6.332,59.58
OMN,1,2015,-2.64,64.951
OMN,1,2016,1.364,67.289
OMN,1,2017,1.605,67.847
OMN,1,2018,-2.053,68.322
OMN,1,2019,-2.299,69.426
OMN,1,2020,-1.145,67.481
OMN,1,2021,-3.792,71.325
OMN,1,2022,-6.573,70.033
PAK,1,1990,4.471,72.299
PAK,1,1991,3.012,70.489
PAK,1,1992,5.452,77.467
PAK,1,1993,5.1,82.276
PAK,1,1994,4.915,88.933
PAK,1,1995,5.15,88.764
PAK,1,1996,5.524,99.063
PAK,1,1997,4.023,97.811
PAK,1,1998,0.329,97.07
PAK,1,1999,7.7,107.089
PAK,1,2000,4.882,108.822
PAK,1,2001,5.183,110.584
PAK,1,2002,8.493,121.394
PAK,1,2003,2.921,120.383
PAK,1,2004,11.816,141.612
PAK,1,2005,12.385,146.03
PAK,1,2006,13.433,157.486
PAK,1,2007,12.587,170.264
PAK,1,2008,13.84,168.989
PAK,1,2009,11.715,167.236
PAK,1,2010,11.926,166.128
PAK,1,2011,14.073,168.874
PAK,1,2012,16.41,171.179
PAK,1,2013,13.66,165.507
PAK,1,2014,16.484,173.19
PAK,1,2015,22.855,173.445
PAK,1,2016,25.396,203.428
PAK,1,2017,24.154,242.515
PAK,1,2018,22.229,232.577
PAK,1,2019,20.741,228.364
PAK,1,2020,17.257,248.012
PAK,1,2021,21.607,269.508
PAK,1,2022,23.946,247.78
PAN,1,1990,0.324,2.956
PAN,1,1991,-0.034,3.071
PAN,1,1992,-0.52,3.592
PAN,1,1993,-0.316,3.468
PAN,1,1994,-0.552,3.625
PAN,1,1995,-0.08,3.572
PAN,1,1996,-0.261,4.186
PAN,1,1997,-0.319,4.311
PAN,1,1998,-0.534,5.367
PAN,1,1999,0.184,5.806
PAN,1,2000,-0.93,4.799
PAN,1,2001,-1.779,5.174
PAN,1,2002,-1.008,4.813
PAN,1,2007,-6.786,0.564
PAN,1,2008,-7.25,0.084
PAN,1,2009,-7.341,1.119
PAN,1,2010,-7.893,1.179
PAN,1,2011,-9.732,0.221
PAN,1,2014,-10.686,0.17
PAN,1,2015,-9.501,1.287
PAN,1,2016,-8.205,2.234
PAN,1,2017,7.828,17.644
PAN,1,2018,7.364,16.867
PAN,1,2019,4.349,17.477
PAN,1,2020,8.643,15.893
PAN,1,2021,7.17,17.711
PAN,1,2022,6.343,17.699
PRY,1,1990,1.638,3.773
PRY,1,1991,1.718,3.822
PRY,1,1992,1.773,4.353
PRY,1,1993,1.594,4.509
PRY,1,1994,1.689,5.093
PRY,1,1995,1.658,5.595
PRY,1,1996,1.546,5.265
PRY,1,1997,1.706,5.834
PRY,1,1998,1.334,5.717
PRY,1,1999,1.482,5.858
PRY,1,2000,1.831,5.437
PRY,1,2001,1.778,5.474
PRY,1,2002,1.408,5.266
PRY,1,2003,1.668,5.699
PRY,1,2004,1.869,5.93
PRY,1,2005,1.998,5.778
PRY,1,2006,2.054,5.963
PRY,1,2007,2.753,6.795
PRY,1,2008,3.887,8.165
PRY,1,2009,2.57,7.102
PRY,1,2010,3.705,8.726
PRY,1,2011,4.748,9.946
PRY,1,2012,4.147,9.321
PRY,1,2013,4.663,9.835
PRY,1,2014,4.619,10.078
PRY,1,2015,3.871,9.922
PRY,1,2016,3.455,10.649
PRY,1,2017,4.0,11.933
PRY,1,2018,4.222,12.622
PRY,1,2019,4.414,12.548
PRY,1,2020,4.213,11.59
PRY,1,2021,5.117,13.251
PRY,1,2022,5.431,13.538
PER,1,1990,2.473,23.874
PER,1,1991,2.913,23.671
PER,1,1992,3.103,24.089
PER,1,1993,2.662,26.547
PER,1,1994,2.945,27.122
PER,1,1995,3.325,28.468
PER,1,1996,3.177,27.894
PER,1,1997,3.442,31.189
PER,1,1998,3.902,31.964
PER,1,1999,3.812,33.374
PER,1,2000,2.755,31.432
PER,1,2001,3.478,28.894
PER,1,2002,4.535,29.974
PER,1,2003,3.766,28.441
PER,1,2004,2.644,30.978
PER,1,2005,2.615,32.936
PER,1,2006,4.144,32.341
PER,1,2007,5.272,39.578
PER,1,2008,10.548,45.847
PER,1,2009,6.302,45.813
PER,1,2010,10.151,52.656
PER,1,2011,12.614,54.787
PER,1,2012,12.584,58.093
PER,1,2013,14.456,57.48
PER,1,2014,12.273,61.662
PER,1,2015,12.464,61.692
PER,1,2016,9.496,62.229
PER,1,2017,8.634,63.493
PER,1,2018,9.269,65.117
PER,1,2019,8.978,67.343
PER,1,2020,9.835,56.759
PER,1,2021,9.227,61.244
PER,1,2022,10.053,64.846
PHL,1,1990,21.355,62.265
PHL,1,1991,19.385,62.418
PHL,1,1992,28.33,76.264
PHL,1,1993,23.336,71.884
PHL,1,1994,21.097,74.838
PHL,1,1995,20.957,80.482
PHL,1,1996,19.024,79.839
PHL,1,1997,18.667,88.283
PHL,1,1998,12.091,79.9
PHL,1,1999,17.865,85.599
PHL,1,2000,18.575,90.478
PHL,1,2001,20.457,90.6
PHL,1,2002,19.873,89.942
PHL,1,2003,21.185,91.293
PHL,1,2004,21.408,94.071
PHL,1,2005,20.998,94.158
PHL,1,2006,17.349,83.628
PHL,1,2007,19.969,90.413
PHL,1,2008,22.658,99.638
PHL,1,2009,17.029,92.94
PHL,1,2010,19.351,101.949
PHL,1,2011,25.881,109.291
PHL,1,2012,29.905,118.024
PHL,1,2013,33.084,128.603
PHL,1,2014,34.359,135.143
PHL,1,2015,31.256,143.107
PHL,1,2016,34.025,155.011
PHL,1,2017,32.631,167.078
PHL,1,2018,33.955,174.74
PHL,1,2019,33.5,177.025
PHL,1,2020,33.908,166.14
PHL,1,2021,40.531,181.705
PHL,1,2022,42.093,186.991
POL,1,1990,-53.993,322.648
POL,1,1991,-36.698,336.925
POL,1,1992,-17.013,347.497
POL,1,1993,-28.066,337.109
POL,1,1994,-36.174,324.044
POL,1,1995,-41.247,321.367
POL,1,1996,-48.127,329.159
POL,1,1997,-45.046,322.189
POL,1,1998,-42.344,296.732
POL,1,1999,-20.154,309.111
POL,1,2000,-17.414,300.039
POL,1,2001,-18.034,295.467
POL,1,2002,-21.252,284.871
POL,1,2003,-34.257,284.694
POL,1,2004,-33.107,290.689
POL,1,2005,-33.284,289.485
POL,1,2006,-19.2,317.377
POL,1,2007,-10.828,325.097
POL,1,2008,-0.308,329.258
POL,1,2009,-5.693,310.35
POL,1,2010,-4.507,329.715
POL,1,2011,-8.08,325.521
POL,1,2012,-1.391,324.566
POL,1,2013,-10.879,311.048
POL,1,2014,-8.15,301.446
POL,1,2015,-1.716,311.04
POL,1,2016,-14.643,308.911
POL,1,2017,-14.919,321.848
POL,1,2018,-4.199,331.871
POL,1,2019,-5.093,312.631
POL,1,2020,-12.023,290.41
POL,1,2021,-13.517,317.463
POL,1,2022,-11.354,303.688
PRT,1,1990,6.631,51.942
PRT,1,1991,7.061,54.192
PRT,1,1992,9.094,60.05
PRT,1,1993,8.983,58.452
PRT,1,1994,9.125,59.368
PRT,1,1995,9.089,63.591
PRT,1,1996,9.012,60.812
PRT,1,1997,16.169,70.838
PRT,1,1998,21.745,80.956
PRT,1,1999,31.13,98.007
PRT,1,2000,45.347,111.004
PRT,1,2001,48.413,113.6
PRT,1,2002,44.655,114.237
PRT,1,2003,47.775,112.256
PRT,1,2004,43.595,110.897
PRT,1,2005,59.076,128.716
PRT,1,2006,49.897,114.753
PRT,1,2007,53.119,115.498
PRT,1,2008,55.029,115.039
PRT,1,2009,38.383,95.53
PRT,1,2010,42.956,95.845
PRT,1,2011,11.279,63.063
PRT,1,2012,2.139,52.07
PRT,1,2013,1.688,49.834
PRT,1,2014,1.02,48.963
PRT,1,2015,-0.308,51.925
PRT,1,2016,4.135,54.446
PRT,1,2017,2.943,58.109
PRT,1,2018,4.463,55.803
PRT,1,2019,4.797,52.38
PRT,1,2020,5.817,47.555
PRT,1,2021,8.747,49.031
PRT,1,2022,8.189,48.877
QAT,1,1990,-0.772,10.639
QAT,1,1991,-1.667,15.714
QAT,1,1992,-3.887,22.894
QAT,1,1993,-4.012,26.672
QAT,1,1994,-4.089,28.254
QAT,1,1995,-3.764,29.373
QAT,1,1996,-3.906,30.518
QAT,1,1997,-7.244,34.938
QAT,1,1998,-5.268,31.62
QAT,1,1999,-18.07,18.179
QAT,1,2000,-23.029,17.285
QAT,1,2001,-24.91,20.907
QAT,1,2002,-21.152,23.915
QAT,1,2003,-23.138,23.377
QAT,1,2004,-24.272,23.048
QAT,1,2005,-20.819,26.732
QAT,1,2006,-28.037,31.593
QAT,1,2007,-22.192,37.191
QAT,1,2008,-22.984,38.653
QAT,1,2009,-17.887,47.187
QAT,1,2010,-29.344,44.077
QAT,1,2011,-46.736,34.757
QAT,1,2012,-48.775,44.546
QAT,1,2013,-36.03,46.779
QAT,1,2014,-34.539,56.638
QAT,1,2015,-23.851,67.344
QAT,1,2016,-16.048,71.338
QAT,1,2017,-27.357,72.754
QAT,1,2018,-26.959,68.508
QAT,1,2019,-26.672,74.347
QAT,1,2020,-26.008,76.493
QAT,1,2021,-33.76,70.484
QAT,1,2022,-43.369,62.782
ROU,1,1990,-13.215,163.33
ROU,1,1991,-12.261,130.006
ROU,1,1992,-11.7,120.37
ROU,1,1993,-10.767,111.992
ROU,1,1994,-16.579,104.383
ROU,1,1995,-20.226,105.54
ROU,1,1996,-27.584,101.605
ROU,1,1997,-27.857,90.316
ROU,1,1998,-16.684,88.191
ROU,1,1999,-9.539,79.495
ROU,1,2000,-3.275,90.068
ROU,1,2001,-2.693,96.299
ROU,1,2002,-3.328,95.971
ROU,1,2003,-6.289,97.547
ROU,1,2004,-4.578,98.733
ROU,1,2005,-0.974,100.39
ROU,1,2006,1.248,105.571
ROU,1,2007,4.407,112.799
ROU,1,2008,8.987,115.914
ROU,1,2009,4.585,92.311
ROU,1,2010,8.468,92.755
ROU,1,2011,3.677,95.918
ROU,1,2012,2.224,91.867
ROU,1,2013,0.585,79.183
ROU,1,2014,2.506,81.599
ROU,1,2015,1.529,79.337
ROU,1,2016,4.169,80.481
ROU,1,2017,5.299,84.458
ROU,1,2018,8.277,87.916
ROU,1,2019,8.434,84.891
ROU,1,2020,6.852,80.562
ROU,1,2021,8.717,85.987
ROU,1,2022,10.567,83.56
RUS,1,1990,-493.804,2042.443
RUS,1,1991,-328.509,2078.246
RUS,1,1992,-1189.976,776.529
RUS,1,1993,-753.26,1113.469
RUS,1,1994,-471.238,1176.427
RUS,1,1995,-451.125,1168.603
RUS,1,1996,-333.003,1253.82
RUS,1,1997,-304.256,1177.988
RUS,1,1998,-409.765,1055.489
RUS,1,1999,-482.903,1011.276
RUS,1,2000,-482.844,996.299
RUS,1,2001,-403.132,1112.515
RUS,1,2002,-387.861,1118.927
RUS,1,2003,-375.361,1161.657
RUS,1,2004,-358.931,1185.026
RUS,1,2005,-363.96,1198.617
RUS,1,2006,-380.933,1242.069
RUS,1,2007,-310.149,1313.632
RUS,1,2008,-315.463,1336.602
RUS,1,2009,-258.185,1286.849
RUS,1,2010,-270.785,1361.998
RUS,1,2011,-261.1,1424.81
RUS,1,2012,-229.653,1471.615
RUS,1,2013,-207.749,1432.688
RUS,1,2014,-244.717,1395.243
RUS,1,2015,-316.124,1322.551
RUS,1,2016,-270.336,1364.549
RUS,1,2017,-266.078,1400.043
RUS,1,2018,-350.061,1362.433
RUS,1,2019,-316.549,1388.482
RUS,1,2020,-266.136,1366.794
RUS,1,2021,-341.779,1370.214
RUS,1,2022,-334.134,1468.056
RWA,1,1990,-0.0,0.524
RWA,1,1991,-0.0,0.472
RWA,1,1992,-0.0,0.479
RWA,1,1993,0.0,0.483
RWA,1,1994,0.0,0.462
RWA,1,1995,0.0,0.455
RWA,1,1996,0.0,0.464
RWA,1,1997,-0.0,0.483
RWA,1,1998,-0.0,0.482
RWA,1,1999,0.0,0.503
RWA,1,2000,0.175,0.69
RWA,1,2001,-0.028,0.495
RWA,1,2002,-0.033,0.486
RWA,1,2003,-0.01,0.499
RWA,1,2004,0.039,0.555
RWA,1,2005,-0.013,0.501
RWA,1,2006,-0.003,0.512
RWA,1,2007,0.011,0.553
RWA,1,2008,0.027,0.555
RWA,1,2009,-0.008,0.551
RWA,1,2010,0.033,0.614
RWA,1,2011,0.064,0.707
RWA,1,2012,0.112,0.83
RWA,1,2013,-0.012,0.771
RWA,1,2014,0.089,0.919
RWA,1,2015,0.109,1.079
RWA,1,2016,0.073,1.121
RWA,1,2017,0.525,1.68
RWA,1,2018,0.64,1.928
RWA,1,2019,0.638,2.01
RWA,1,2020,0.579,1.951
RWA,1,2021,0.665,2.324
RWA,1,2022,0.707,2.248
SAU,1,1990,-10.782,171.242
SAU,1,1991,-19.473,225.114
SAU,1,1992,-23.129,252.958
SAU,1,1993,-21.397,276.435
SAU,1,1994,-20.314,270.975
SAU,1,1995,-19.926,254.766
SAU,1,1996,-18.595,250.999
SAU,1,1997,-13.224,214.018
SAU,1,1998,8.416,227.43
SAU,1,1999,-44.382,193.44
SAU,1,2000,-99.315,210.445
SAU,1,2001,-90.962,233.554
SAU,1,2002,-104.457,242.639
SAU,1,2003,-33.101,318.304
SAU,1,2004,-50.285,357.597
SAU,1,2005,-55.157,357.254
SAU,1,2006,-45.876,399.292
SAU,1,2007,-30.582,392.95
SAU,1,2008,-31.829,437.883
SAU,1,2009,-3.942,500.337
SAU,1,2010,-11.355,544.607
SAU,1,2011,-11.385,529.194
SAU,1,2012,-26.73,579.372
SAU,1,2013,-14.955,568.656
SAU,1,2014,1.633,587.2
SAU,1,2015,27.952,652.951
SAU,1,2016,7.038,648.7
SAU,1,2017,-3.851,609.834
SAU,1,2018,-18.734,618.753
SAU,1,2019,-13.764,643.823
SAU,1,2020,6.191,622.276
SAU,1,2021,-13.215,682.626
SAU,1,2022,-30.904,692.428
SEN,1,1990,0.264,3.403
SEN,1,1991,0.263,3.642
SEN,1,1992,0.327,3.749
SEN,1,1993,0.322,3.861
SEN,1,1994,0.185,4.022
SEN,1,1995,0.328,3.758
SEN,1,1996,0.982,4.646
SEN,1,1997,1.094,4.276
SEN,1,1998,1.002,4.335
SEN,1,1999,0.895,4.499
SEN,1,2000,1.1,5.002
SEN,1,2001,0.895,5.154
SEN,1,2002,0.795,5.231
SEN,1,2003,1.075,6.003
SEN,1,2004,0.992,6.23
SEN,1,2005,1.247,6.786
SEN,1,2006,1.477,5.899
SEN,1,2007,1.842,6.704
SEN,1,2008,2.42,7.161
SEN,1,2009,1.029,6.286
SEN,1,2010,0.519,7.382
SEN,1,2011,1.383,9.202
SEN,1,2012,2.712,10.074
SEN,1,2013,1.994,9.846
SEN,1,2014,2.692,11.416
SEN,1,2015,2.198,12.043
SEN,1,2016,2.884,12.9
SEN,1,2017,2.857,13.617
SEN,1,2018,3.508,14.838
SEN,1,2019,2.65,15.363
SEN,1,2020,3.22,14.041
SEN,1,2021,3.292,15.602
SEN,1,2022,3.123,15.397
SGP,1,1990,27.812,71.347
SGP,1,1991,29.706,73.942
SGP,1,1992,36.492,83.933
SGP,1,1993,34.923,84.585
SGP,1,1994,31.284,91.37
SGP,1,1995,49.451,89.996
SGP,1,1996,53.809,101.822
SGP,1,1997,55.171,111.908
SGP,1,1998,49.0,96.412
SGP,1,1999,54.366,103.566
SGP,1,2000,86.161,123.53
SGP,1,2001,68.785,107.31
SGP,1,2002,69.138,109.346
SGP,1,2003,61.954,101.488
SGP,1,2004,78.674,119.674
SGP,1,2005,89.969,129.569
SGP,1,2006,100.697,141.297
SGP,1,2007,91.484,132.584
SGP,1,2008,147.112,187.312
SGP,1,2009,61.72,102.52
SGP,1,2010,64.322,108.722
SGP,1,2011,166.788,213.788
SGP,1,2012,196.589,242.689
SGP,1,2013,209.133,256.133
SGP,1,2014,136.992,184.592
SGP,1,2015,110.393,159.793
SGP,1,2016,98.954,148.054
SGP,1,2017,104.814,154.914
SGP,1,2018,109.899,160.199
SGP,1,2019,111.544,160.544
SGP,1,2020,95.557,142.257
SGP,1,2021,109.736,159.836
SGP,1,2022,123.495,171.367
SVK,1,1990,11.644,73.17
SVK,1,1991,4.008,57.34
SVK,1,1992,7.139,56.067
SVK,1,1993,5.266,51.662
SVK,1,1994,1.068,44.874
SVK,1,1995,2.371,46.566
SVK,1,1996,4.214,48.291
SVK,1,1997,3.124,47.273
SVK,1,1998,4.651,48.531
SVK,1,1999,2.228,45.32
SVK,1,2000,5.083,46.274
SVK,1,2001,5.113,48.392
SVK,1,2002,3.739,45.834
SVK,1,2003,1.545,43.97
SVK,1,2004,3.216,46.136
SVK,1,2005,-0.04,42.886
SVK,1,2006,2.494,45.246
SVK,1,2007,7.553,48.707
SVK,1,2008,10.446,51.997
SVK,1,2009,11.011,48.811
SVK,1,2010,12.736,51.198
SVK,1,2011,11.079,49.125
SVK,1,2012,7.415,43.378
SVK,1,2013,7.64,43.264
SVK,1,2014,5.89,39.598
SVK,1,2015,5.77,40.298
SVK,1,2016,5.684,40.647
SVK,1,2017,4.705,40.872
SVK,1,2018,5.967,42.127
SVK,1,2019,6.452,40.284
SVK,1,2020,5.995,37.15
SVK,1,2021,6.148,41.364
SVK,1,2022,7.748,39.298
SVN,1,1990,1.375,16.47
SVN,1,1991,1.621,15.594
SVN,1,1992,5.856,19.738
SVN,1,1993,4.064,18.315
SVN,1,1994,2.787,17.423
SVN,1,1995,3.474,18.828
SVN,1,1996,2.261,18.261
SVN,1,1997,2.305,18.812
SVN,1,1998,2.973,19.012
SVN,1,1999,2.713,18.125
SVN,1,2000,4.044,19.098
SVN,1,2001,3.843,20.146
SVN,1,2002,2.966,19.531
SVN,1,2003,2.671,18.943
SVN,1,2004,2.454,19.158
SVN,1,2005,2.055,18.991
SVN,1,2006,3.767,20.945
SVN,1,2007,5.505,22.848
SVN,1,2008,5.093,23.372
SVN,1,2009,3.163,19.367
SVN,1,2010,3.49,19.949
SVN,1,2011,5.028,21.387
SVN,1,2012,3.133,18.892
SVN,1,2013,2.934,18.062
SVN,1,2014,3.995,17.557
SVN,1,2015,3.927,17.573
SVN,1,2016,3.831,18.29
SVN,1,2017,5.181,19.798
SVN,1,2018,6.618,21.138
SVN,1,2019,6.558,20.597
SVN,1,2020,5.943,18.798
SVN,1,2021,7.624,20.683
SVN,1,2022,8.345,21.046
ZAF,1,1990,-93.752,219.179
ZAF,1,1991,-85.021,241.005
ZAF,1,1992,-73.121,228.204
ZAF,1,1993,-81.146,239.199
ZAF,1,1994,-81.591,257.106
ZAF,1,1995,-90.824,270.869
ZAF,1,1996,-99.231,264.501
ZAF,1,1997,-106.611,278.612
ZAF,1,1998,-107.836,269.427
ZAF,1,1999,-81.68,293.211
ZAF,1,2000,-92.011,286.296
ZAF,1,2001,-98.795,272.829
ZAF,1,2002,-102.394,254.129
ZAF,1,2003,-125.286,279.123
ZAF,1,2004,-126.442,322.865
ZAF,1,2005,-116.991,299.21
ZAF,1,2006,-113.314,333.456
ZAF,1,2007,-124.85,340.195
ZAF,1,2008,-154.548,340.15
ZAF,1,2009,-131.311,343.212
ZAF,1,2010,-125.875,337.125
ZAF,1,2011,-129.665,336.243
ZAF,1,2012,-104.384,354.581
ZAF,1,2013,-110.686,347.96
ZAF,1,2014,-124.327,347.638
ZAF,1,2015,-111.521,334.828
ZAF,1,2016,-122.906,334.184
ZAF,1,2017,-112.972,327.023
ZAF,1,2018,-110.862,323.719
ZAF,1,2019,-120.196,343.918
ZAF,1,2020,-118.419,315.648
ZAF,1,2021,-127.305,298.613
ZAF,1,2022,-122.918,282.394
KOR,1,1990,69.843,320.354
KOR,1,1991,65.791,341.479
KOR,1,1992,94.865,394.77
KOR,1,1993,73.169,403.343
KOR,1,1994,69.476,425.171
KOR,1,1995,68.071,451.736
KOR,1,1996,69.96,490.956
KOR,1,1997,53.05,498.018
KOR,1,1998,-17.191,360.846
KOR,1,1999,25.959,436.478
KOR,1,2000,45.32,485.301
KOR,1,2001,30.137,485.767
KOR,1,2002,49.301,525.366
KOR,1,2003,57.542,542.755
KOR,1,2004,61.728,553.117
KOR,1,2005,83.194,581.882
KOR,1,2006,104.136,607.614
KOR,1,2007,111.89,633.599
KOR,1,2008,106.884,639.535
KOR,1,2009,37.09,574.91
KOR,1,2010,56.564,650.903
KOR,1,2011,51.853,675.296
KOR,1,2012,28.082,656.025
KOR,1,2013,22.37,656.951
KOR,1,2014,43.207,672.573
KOR,1,2015,32.502,666.679
KOR,1,2016,17.59,655.504
KOR,1,2017,34.656,689.193
KOR,1,2018,51.135,721.304
KOR,1,2019,62.122,708.224
KOR,1,2020,60.54,658.174
KOR,1,2021,72.675,688.75
KOR,1,2022,79.625,681.718
ESP,1,1990,34.465,264.639
ESP,1,1991,30.329,270.339
ESP,1,1992,43.731,292.142
ESP,1,1993,31.928,271.737
ESP,1,1994,23.329,275.376
ESP,1,1995,21.77,287.549
ESP,1,1996,19.013,272.25
ESP,1,1997,12.106,277.673
ESP,1,1998,17.367,291.685
ESP,1,1999,17.917,315.691
ESP,1,2000,25.526,335.598
ESP,1,2001,24.643,336.452
ESP,1,2002,27.609,359.559
ESP,1,2003,22.729,359.061
ESP,1,2004,32.697,385.709
ESP,1,2005,42.982,411.321
ESP,1,2006,56.85,416.505
ESP,1,2007,60.987,428.388
ESP,1,2008,57.501,393.39
ESP,1,2009,49.154,345.656
ESP,1,2010,45.261,328.2
ESP,1,2011,37.253,321.054
ESP,1,2012,17.388,295.45
ESP,1,2013,24.108,276.05
ESP,1,2014,26.895,281.076
ESP,1,2015,10.869,281.609
ESP,1,2016,13.767,273.392
ESP,1,2017,19.816,293.396
ESP,1,2018,28.282,296.872
ESP,1,2019,31.605,282.201
ESP,1,2020,37.532,249.375
ESP,1,2021,43.699,272.768
ESP,1,2022,38.137,272.794
LKA,1,1990,2.506,6.337
LKA,1,1991,2.844,6.982
LKA,1,1992,2.847,7.953
LKA,1,1993,3.004,7.979
LKA,1,1994,3.273,8.708
LKA,1,1995,3.488,9.302
LKA,1,1996,3.215,10.186
LKA,1,1997,2.789,10.31
LKA,1,1998,3.35,11.086
LKA,1,1999,5.571,14.088
LKA,1,2000,8.433,18.567
LKA,1,2001,8.865,19.191
LKA,1,2002,10.304,21.252
LKA,1,2003,6.676,17.629
LKA,1,2004,7.875,20.023
LKA,1,2005,8.411,20.347
LKA,1,2006,9.024,20.817
LKA,1,2007,7.269,19.421
LKA,1,2008,8.595,20.582
LKA,1,2009,6.157,19.102
LKA,1,2010,9.022,22.073
LKA,1,2011,14.773,29.659
LKA,1,2012,13.674,29.472
LKA,1,2013,15.55,30.061
LKA,1,2014,14.663,32.083
LKA,1,2015,14.884,34.571
LKA,1,2016,15.524,38.511
LKA,1,2017,14.311,37.184
LKA,1,2018,15.54,35.637
LKA,1,2019,15.314,36.55
LKA,1,2020,15.633,36.258
LKA,1,2021,17.633,40.648
LKA,1,2022,18.815,38.718
SWE,1,1990,28.091,85.611
SWE,1,1991,26.933,84.684
SWE,1,1992,36.079,93.658
SWE,1,1993,29.505,87.077
SWE,1,1994,26.288,86.314
SWE,1,1995,25.962,85.474
SWE,1,1996,27.539,90.92
SWE,1,1997,27.871,86.254
SWE,1,1998,29.024,87.826
SWE,1,1999,26.295,82.277
SWE,1,2000,31.018,85.948
SWE,1,2001,24.251,80.088
SWE,1,2002,25.329,82.015
SWE,1,2003,30.664,87.956
SWE,1,2004,30.937,87.454
SWE,1,2005,37.53,91.406
SWE,1,2006,38.922,92.66
SWE,1,2007,38.852,91.846
SWE,1,2008,39.238,90.104
SWE,1,2009,30.061,77.3
SWE,1,2010,33.059,86.179
SWE,1,2011,35.127,84.337
SWE,1,2012,30.912,77.624
SWE,1,2013,28.999,74.2
SWE,1,2014,29.736,73.209
SWE,1,2015,27.898,71.316
SWE,1,2016,27.779,71.193
SWE,1,2017,29.817,72.256
SWE,1,2018,30.828,72.887
SWE,1,2019,28.155,68.989
SWE,1,2020,24.6,61.302
SWE,1,2021,29.162,67.796
SWE,1,2022,30.973,68.447
CHE,1,1990,41.742,85.891
CHE,1,1991,42.001,88.132
CHE,1,1992,49.562,95.579
CHE,1,1993,43.569,87.179
CHE,1,1994,43.864,86.533
CHE,1,1995,47.092,90.506
CHE,1,1996,64.13,108.238
CHE,1,1997,53.323,96.369
CHE,1,1998,72.284,116.907
CHE,1,1999,62.015,106.46
CHE,1,2000,45.859,89.48
CHE,1,2001,62.222,107.308
CHE,1,2002,54.278,97.745
CHE,1,2003,50.728,95.378
CHE,1,2004,53.976,99.209
CHE,1,2005,62.741,108.518
CHE,1,2006,72.341,117.706
CHE,1,2007,64.164,107.522
CHE,1,2008,62.029,106.727
CHE,1,2009,60.274,103.798
CHE,1,2010,55.728,100.762
CHE,1,2011,62.802,103.774
CHE,1,2012,106.353,148.593
CHE,1,2013,97.343,140.515
CHE,1,2014,97.699,136.92
CHE,1,2015,102.855,141.574
CHE,1,2016,121.838,161.011
CHE,1,2017,89.784,127.949
CHE,1,2018,88.016,124.876
CHE,1,2019,84.996,121.716
CHE,1,2020,72.362,106.59
CHE,1,2021,82.211,117.991
CHE,1,2022,89.16,121.979
TWN,1,1990,50.694,174.952
TWN,1,1991,41.101,174.732
TWN,1,1992,76.948,219.38
TWN,1,1993,54.395,208.441
TWN,1,1994,48.25,209.814
TWN,1,1995,46.785,216.849
TWN,1,1996,23.383,201.442
TWN,1,1997,28.984,219.766
TWN,1,1998,17.542,218.088
TWN,1,1999,18.567,226.59
TWN,1,2000,54.037,280.971
TWN,1,2001,25.6,257.031
TWN,1,2002,24.002,262.569
TWN,1,2003,19.347,268.476
TWN,1,2004,48.806,308.173
TWN,1,2005,36.095,302.983
TWN,1,2006,30.707,307.243
TWN,1,2007,10.16,290.236
TWN,1,2008,17.16,284.045
TWN,1,2009,-10.012,243.021
TWN,1,2010,20.486,291.201
TWN,1,2011,26.423,303.197
TWN,1,2012,7.595,280.877
TWN,1,2013,14.196,288.772
TWN,1,2014,14.02,290.98
TWN,1,2015,-1.546,274.717
TWN,1,2016,-1.125,279.063
TWN,1,2017,2.829,288.559
TWN,1,2018,7.123,291.02
TWN,1,2019,16.241,290.686
TWN,1,2020,9.8,282.002
TWN,1,2021,9.386,292.957
TWN,1,2022,17.765,291.434
TJK,1,1990,-6.83,5.207
TJK,1,1991,-5.253,4.505
TJK,1,1992,-2.302,5.006
TJK,1,1993,-1.942,3.229
TJK,1,1994,-0.722,1.633
TJK,1,1995,-1.631,0.814
TJK,1,1996,1.323,4.147
TJK,1,1997,0.957,3.107
TJK,1,1998,1.309,3.806
TJK,1,1999,0.862,3.379
TJK,1,2000,3.216,5.45
TJK,1,2001,3.185,5.472
TJK,1,2002,5.019,6.896
TJK,1,2003,3.384,5.455
TJK,1,2004,2.885,5.446
TJK,1,2005,3.998,6.437
TJK,1,2006,4.639,7.295
TJK,1,2007,2.058,5.285
TJK,1,2008,3.561,6.457
TJK,1,2009,3.404,5.848
TJK,1,2010,5.311,7.847
TJK,1,2011,5.307,7.648
TJK,1,2012,3.688,6.622
TJK,1,2013,9.056,11.963
TJK,1,2014,15.448,20.048
TJK,1,2015,3.62,8.923
TJK,1,2016,7.658,13.351
TJK,1,2017,7.834,14.692
TJK,1,2018,4.195,12.256
TJK,1,2019,3.867,12.558
TJK,1,2020,3.262,12.666
TJK,1,2021,3.489,12.716
TJK,1,2022,4.235,13.201
TZA,1,1990,1.532,3.644
TZA,1,1991,1.579,3.834
TZA,1,1992,1.57,3.748
TZA,1,1993,1.589,4.015
TZA,1,1994,1.721,3.784
TZA,1,1995,1.694,4.128
TZA,1,1996,1.332,3.859
TZA,1,1997,1.437,4.262
TZA,1,1998,1.719,4.2
TZA,1,1999,1.942,4.4
TZA,1,2000,2.382,4.953
TZA,1,2001,2.457,5.498
TZA,1,2002,2.439,5.924
TZA,1,2003,2.517,6.204
TZA,1,2004,2.663,6.884
TZA,1,2005,3.515,8.871
TZA,1,2006,2.885,8.762
TZA,1,2007,3.498,9.205
TZA,1,2008,5.607,11.596
TZA,1,2009,4.129,9.936
TZA,1,2010,4.143,11.337
TZA,1,2011,6.405,14.908
TZA,1,2012,5.939,16.34
TZA,1,2013,8.329,19.603
TZA,1,2014,8.6,19.685
TZA,1,2015,8.739,21.65
TZA,1,2016,5.702,19.349
TZA,1,2017,4.864,18.546
TZA,1,2018,5.335,19.745
TZA,1,2019,4.756,21.133
TZA,1,2020,4.932,21.183
TZA,1,2021,5.781,24.047
TZA,1,2022,6.11,23.845
THA,1,1990,32.155,118.718
THA,1,1991,25.629,120.674
THA,1,1992,49.53,155.044
THA,1,1993,31.937,153.792
THA,1,1994,23.28,160.15
THA,1,1995,18.196,171.846
THA,1,1996,9.125,182.69
THA,1,1997,-7.591,173.611
THA,1,1998,-29.586,130.118
THA,1,1999,-18.871,148.364
THA,1,2000,-16.018,151.334
THA,1,2001,-14.416,157.851
THA,1,2002,-10.873,173.792
THA,1,2003,-12.665,178.423
THA,1,2004,-10.558,196.772
THA,1,2005,-4.568,209.757
THA,1,2006,-8.095,207.73
THA,1,2007,-11.398,212.684
THA,1,2008,-1.92,222.328
THA,1,2009,-6.008,222.828
THA,1,2010,6.067,247.086
THA,1,2011,8.47,253.348
THA,1,2012,-1.042,261.305
THA,1,2013,2.955,266.708
THA,1,2014,-19.549,252.938
THA,1,2015,-23.892,253.207
THA,1,2016,-29.546,254.5
THA,1,2017,-24.547,258.801
THA,1,2018,-15.31,272.995
THA,1,2019,-8.935,272.942
THA,1,2020,0.168,272.092
THA,1,2021,10.276,277.417
THA,1,2022,7.537,280.11
TGO,1,1990,0.311,1.288
TGO,1,1991,0.337,1.387
TGO,1,1992,0.384,1.415
TGO,1,1993,0.395,1.464
TGO,1,1994,0.489,1.496
TGO,1,1995,0.532,1.707
TGO,1,1996,0.419,1.685
TGO,1,1997,0.491,1.37
TGO,1,1998,0.618,1.908
TGO,1,1999,0.04,1.891
TGO,1,2000,-0.417,0.914
TGO,1,2001,-0.388,0.771
TGO,1,2002,-0.18,1.142
TGO,1,2003,-0.57,1.235
TGO,1,2004,-0.603,1.141
TGO,1,2005,-0.492,1.229
TGO,1,2006,2.225,3.725
TGO,1,2007,-0.204,1.313
TGO,1,2008,-0.261,1.262
TGO,1,2009,-0.511,2.025
TGO,1,2010,-0.621,1.975
TGO,1,2011,-0.606,1.898
TGO,1,2012,-0.08,2.136
TGO,1,2013,-0.144,1.498
TGO,1,2014,0.06,1.602
TGO,1,2015,0.251,2.115
TGO,1,2016,0.105,2.417
TGO,1,2017,-0.02,1.972
TGO,1,2018,5.821,7.946
TGO,1,2019,5.779,8.098
TGO,1,2020,4.698,7.136
TGO,1,2021,5.579,8.25
TGO,1,2022,6.155,8.837
TTO,1,1990,-5.208,11.773
TTO,1,1991,-4.528,12.44
TTO,1,1992,-5.093,14.009
TTO,1,1993,-4.54,12.872
TTO,1,1994,-4.174,11.175
TTO,1,1995,-4.572,10.16
TTO,1,1996,-5.47,12.989
TTO,1,1997,-5.066,13.845
TTO,1,1998,-4.645,15.26
TTO,1,1999,-8.767,13.827
TTO,1,2000,-14.18,10.186
TTO,1,2001,-14.549,12.208
TTO,1,2002,-13.825,14.877
TTO,1,2003,-15.591,16.8
TTO,1,2004,-16.305,16.406
TTO,1,2005,-23.141,15.085
TTO,1,2006,-29.47,13.257
TTO,1,2007,-26.317,19.265
TTO,1,2008,-25.878,18.587
TTO,1,2009,-19.666,24.773
TTO,1,2010,-22.239,24.873
TTO,1,2011,-28.433,18.631
TTO,1,2012,-30.137,16.039
TTO,1,2013,-30.046,15.778
TTO,1,2014,-26.336,20.556
TTO,1,2015,-21.521,24.039
TTO,1,2016,-11.544,28.349
TTO,1,2017,-15.372,24.946
TTO,1,2018,-17.178,23.147
TTO,1,2019,-14.865,25.917
TTO,1,2020,-9.345,25.721
TTO,1,2021,-15.458,20.955
TTO,1,2022,-19.142,17.164
TUN,1,1990,2.25,15.802
TUN,1,1991,0.907,16.913
TUN,1,1992,6.056,21.214
TUN,1,1993,3.011,19.43
TUN,1,1994,1.318,17.453
TUN,1,1995,1.607,17.879
TUN,1,1996,0.574,17.194
TUN,1,1997,-0.026,17.19
TUN,1,1998,-0.727,17.064
TUN,1,1999,0.567,19.207
TUN,1,2000,-5.394,14.158
TUN,1,2001,-6.1,14.33
TUN,1,2002,-5.733,14.948
TUN,1,2003,-5.495,15.647
TUN,1,2004,-6.454,15.641
TUN,1,2005,-6.974,15.572
TUN,1,2006,-6.885,16.085
TUN,1,2007,-8.209,16.382
TUN,1,2008,-8.819,16.718
TUN,1,2009,-6.484,18.94
TUN,1,2010,-7.611,20.527
TUN,1,2011,-7.46,18.976
TUN,1,2012,-8.019,20.44
TUN,1,2013,-7.661,20.672
TUN,1,2014,-7.424,22.268
TUN,1,2015,-7.532,23.886
TUN,1,2016,-7.389,23.206
TUN,1,2017,-8.081,23.19
TUN,1,2018,-1.77,29.364
TUN,1,2019,-1.983,28.371
TUN,1,2020,-1.2,27.291
TUN,1,2021,-1.432,29.735
TUN,1,2022,-2.629,29.319
TUR,1,1990,63.807,215.422
TUR,1,1991,55.343,213.469
TUR,1,1992,85.343,249.408
TUR,1,1993,60.064,231.203
TUR,1,1994,42.628,210.194
TUR,1,1995,42.56,223.915
TUR,1,1996,11.122,210.769
TUR,1,1997,12.748,224.856
TUR,1,1998,14.863,226.998
TUR,1,1999,21.238,229.166
TUR,1,2000,23.206,253.142
TUR,1,2001,-10.809,202.772
TUR,1,2002,1.654,222.88
TUR,1,2003,9.598,246.363
TUR,1,2004,33.467,278.236
TUR,1,2005,39.012,303.883
TUR,1,2006,45.336,327.704
TUR,1,2007,49.677,363.371
TUR,1,2008,39.875,350.497
TUR,1,2009,8.555,324.967
TUR,1,2010,36.85,353.043
TUR,1,2011,44.061,386.118
TUR,1,2012,41.166,397.274
TUR,1,2013,38.814,386.146
TUR,1,2014,33.972,398.001
TUR,1,2015,26.952,411.882
TUR,1,2016,12.282,418.232
TUR,1,2017,9.803,440.704
TUR,1,2018,3.542,425.6
TUR,1,2019,-7.039,395.653
TUR,1,2020,-13.694,399.233
TUR,1,2021,-31.756,420.947
TUR,1,2022,-23.764,413.542
UGA,1,1990,0.771,1.532
UGA,1,1991,0.776,1.556
UGA,1,1992,0.811,1.609
UGA,1,1993,0.984,1.782
UGA,1,1994,1.014,1.722
UGA,1,1995,1.04,1.965
UGA,1,1996,0.702,1.72
UGA,1,1997,0.783,1.845
UGA,1,1998,1.324,2.533
UGA,1,1999,1.407,2.661
UGA,1,2000,1.486,2.847
UGA,1,2001,1.428,2.845
UGA,1,2002,1.511,2.957
UGA,1,2003,1.23,2.743
UGA,1,2004,1.364,2.971
UGA,1,2005,1.545,3.563
UGA,1,2006,1.676,4.059
UGA,1,2007,1.815,4.525
UGA,1,2008,2.007,4.786
UGA,1,2009,2.44,5.44
UGA,1,2010,2.43,6.0
UGA,1,2011,2.755,6.579
UGA,1,2012,2.362,5.989
UGA,1,2013,2.31,6.064
UGA,1,2014,2.439,6.529
UGA,1,2015,2.223,6.749
UGA,1,2016,2.155,6.972
UGA,1,2017,2.284,7.693
UGA,1,2018,2.215,7.764
UGA,1,2019,2.226,7.987
UGA,1,2020,2.05,7.622
UGA,1,2021,2.304,8.471
UGA,1,2022,2.762,8.4
UKR,1,1990,-203.539,502.688
UKR,1,1991,-175.702,457.223
UKR,1,1992,-148.438,440.845
UKR,1,1993,-136.972,373.349
UKR,1,1994,-145.27,274.222
UKR,1,1995,-170.809,219.264
UKR,1,1996,-63.667,288.103
UKR,1,1997,-63.594,276.92
UKR,1,1998,-84.602,244.206
UKR,1,1999,-60.718,237.861
UKR,1,2000,-63.751,221.923
UKR,1,2001,-46.864,257.028
UKR,1,2002,-44.751,251.15
UKR,1,2003,-70.151,237.095
UKR,1,2004,-84.236,226.39
UKR,1,2005,-62.461,251.069
UKR,1,2006,-66.765,266.296
UKR,1,2007,-43.82,293.0
UKR,1,2008,-26.771,299.212
UKR,1,2009,-26.407,251.186
UKR,1,2010,-45.973,248.393
UKR,1,2011,-39.644,268.733
UKR,1,2012,-31.523,272.901
UKR,1,2013,-24.131,273.348
UKR,1,2014,-35.299,222.34
UKR,1,2015,-38.923,184.865
UKR,1,2016,-54.113,179.848
UKR,1,2017,-41.944,181.137
UKR,1,2018,-20.411,211.253
UKR,1,2019,-16.108,205.835
UKR,1,2020,-17.88,188.943
UKR,1,2021,-13.838,196.315
UKR,1,2022,20.86,161.987
ARE,1,1990,3.934,55.638
ARE,1,1991,4.248,60.921
ARE,1,1992,5.619,63.376
ARE,1,1993,3.443,69.009
ARE,1,1994,4.198,79.208
ARE,1,1995,6.755,79.219
ARE,1,1996,6.058,81.47
ARE,1,1997,7.479,80.398
ARE,1,1998,12.643,92.749
ARE,1,1999,2.583,79.899
ARE,1,2000,-19.148,92.665
ARE,1,2001,-4.179,97.239
ARE,1,2002,11.895,96.544
ARE,1,2003,19.288,125.731
ARE,1,2004,20.886,132.589
ARE,1,2005,30.457,144.856
ARE,1,2006,49.951,171.656
ARE,1,2007,56.436,189.561
ARE,1,2008,66.556,220.24
ARE,1,2009,36.322,204.335
ARE,1,2010,23.555,208.397
ARE,1,2011,25.973,223.546
ARE,1,2012,24.011,231.403
ARE,1,2013,28.282,241.617
ARE,1,2014,31.993,241.972
ARE,1,2015,22.718,248.402
ARE,1,2016,22.967,249.572
ARE,1,2017,27.701,240.614
ARE,1,2018,37.174,246.876
ARE,1,2019,20.903,240.679
ARE,1,2020,-0.88,216.499
ARE,1,2021,15.141,231.373
ARE,1,2022,19.288,245.265
GBR,1,1990,67.409,669.354
GBR,1,1991,66.998,676.411
GBR,1,1992,98.458,692.304
GBR,1,1993,77.362,656.975
GBR,1,1994,75.363,649.38
GBR,1,1995,76.923,643.082
GBR,1,1996,84.713,671.474
GBR,1,1997,107.836,670.544
GBR,1,1998,125.678,694.221
GBR,1,1999,118.769,680.419
GBR,1,2000,172.786,741.82
GBR,1,2001,146.724,724.695
GBR,1,2002,173.093,733.366
GBR,1,2003,173.878,745.497
GBR,1,2004,183.613,757.043
GBR,1,2005,177.072,747.41
GBR,1,2006,183.532,751.378
GBR,1,2007,190.227,749.793
GBR,1,2008,171.166,716.099
GBR,1,2009,131.123,625.231
GBR,1,2010,160.982,672.886
GBR,1,2011,139.492,609.206
GBR,1,2012,144.871,632.348
GBR,1,2013,137.775,615.387
GBR,1,2014,154.999,593.806
GBR,1,2015,163.253,585.714
GBR,1,2016,171.051,570.481
GBR,1,2017,156.156,543.523
GBR,1,2018,150.842,530.572
GBR,1,2019,146.706,511.459
GBR,1,2020,131.188,457.451
GBR,1,2021,160.32,504.83
GBR,1,2022,174.697,488.532
USA,1,1990,-74.652,5046.305
USA,1,1991,-103.833,4959.124
USA,1,1992,-27.997,5146.23
USA,1,1993,-67.708,5205.142
USA,1,1994,-54.027,5310.252
USA,1,1995,-54.341,5370.919
USA,1,1996,-73.795,5539.188
USA,1,1997,-43.381,5644.761
USA,1,1998,74.28,5807.561
USA,1,1999,185.565,5989.483
USA,1,2000,242.408,6252.543
USA,1,2001,269.289,6177.029
USA,1,2002,348.368,6294.676
USA,1,2003,478.195,6488.34
USA,1,2004,503.632,6616.287
USA,1,2005,589.999,6722.182
USA,1,2006,654.142,6706.828
USA,1,2007,507.21,6637.333
USA,1,2008,397.935,6313.053
USA,1,2009,295.82,5776.546
USA,1,2010,282.186,5961.901
USA,1,2011,269.349,5815.465
USA,1,2012,305.104,5649.19
USA,1,2013,257.648,5737.805
USA,1,2014,306.178,5834.858
USA,1,2015,411.448,5787.921
USA,1,2016,407.103,5660.035
USA,1,2017,420.275,5632.437
USA,1,2018,426.265,5804.062
USA,1,2019,436.63,5698.775
USA,1,2020,472.234,5186.863
USA,1,2021,537.591,5569.804
USA,1,2022,563.985,5642.856
URY,1,1990,0.926,4.894
URY,1,1991,0.898,5.425
URY,1,1992,0.98,6.123
URY,1,1993,1.184,5.623
URY,1,1994,1.343,5.373
URY,1,1995,1.454,6.011
URY,1,1996,1.902,7.307
URY,1,1997,2.488,8.001
URY,1,1998,2.859,8.498
URY,1,1999,3.37,10.052
URY,1,2000,2.74,8.008
URY,1,2001,2.502,7.532
URY,1,2002,1.801,6.358
URY,1,2003,1.653,6.18
URY,1,2004,1.905,7.47
URY,1,2005,1.848,7.575
URY,1,2006,1.717,8.315
URY,1,2007,2.823,8.77
URY,1,2008,2.89,11.092
URY,1,2009,2.23,10.177
URY,1,2010,3.644,9.942
URY,1,2011,4.119,11.771
URY,1,2012,4.197,12.789
URY,1,2013,4.916,12.405
URY,1,2014,4.684,11.365
URY,1,2015,4.009,10.747
URY,1,2016,3.241,9.758
URY,1,2017,3.811,9.97
URY,1,2018,3.972,10.539
URY,1,2019,3.977,10.387
URY,1,2020,3.685,10.159
URY,1,2021,4.042,11.875
URY,1,2022,4.282,12.102
VEN,1,1990,-27.206,93.558
VEN,1,1991,-17.048,97.059
VEN,1,1992,-10.281,94.346
VEN,1,1993,-14.886,108.058
VEN,1,1994,-18.007,100.949
VEN,1,1995,-14.901,109.83
VEN,1,1996,-22.063,96.19
VEN,1,1997,-13.645,116.022
VEN,1,1998,-6.689,128.218
VEN,1,1999,-44.179,98.871
VEN,1,2000,-69.901,72.934
VEN,1,2001,-47.742,82.792
VEN,1,2002,-82.932,81.221
VEN,1,2003,-48.047,106.216
VEN,1,2004,-46.662,96.105
VEN,1,2005,-52.059,96.252
VEN,1,2006,-58.948,96.649
VEN,1,2007,-48.339,105.623
VEN,1,2008,-49.025,106.48
VEN,1,2009,-21.581,130.267
VEN,1,2010,-50.056,139.261
VEN,1,2011,-48.409,120.004
VEN,1,2012,-87.255,88.465
VEN,1,2013,-91.824,106.603
VEN,1,2014,-26.058,149.903
VEN,1,2015,-77.686,88.614
VEN,1,2016,-81.886,70.826
VEN,1,2017,-73.836,65.238
VEN,1,2019,-99.637,5.649
VEN,1,2020,-18.449,62.478
VEN,1,2021,-21.375,57.085
VEN,1,2022,-26.352,61.163
VNM,1,1990,1.815,23.114
VNM,1,1991,1.575,22.95
VNM,1,1992,1.53,22.997
VNM,1,1993,2.102,24.955
VNM,1,1994,1.826,29.188
VNM,1,1995,1.924,32.013
VNM,1,1996,2.634,38.115
VNM,1,1997,0.091,45.593
VNM,1,1998,-0.588,47.279
VNM,1,1999,-4.748,43.801
VNM,1,2000,-17.289,36.646
VNM,1,2001,-19.345,41.639
VNM,1,2002,-22.323,47.205
VNM,1,2003,-17.198,60.064
VNM,1,2004,-20.363,68.577
VNM,1,2005,-22.533,73.313
VNM,1,2006,-23.272,76.38
VNM,1,2007,-20.95,80.479
VNM,1,2008,-22.6,91.703
VNM,1,2009,-24.058,100.436
VNM,1,2010,-30.086,109.478
VNM,1,2011,-37.359,115.201
VNM,1,2012,-33.965,110.315
VNM,1,2013,-36.224,115.214
VNM,1,2014,-47.073,132.897
VNM,1,2015,-57.411,155.9
VNM,1,2016,-59.481,161.499
VNM,1,2017,-68.876,158.737
VNM,1,2018,-81.13,174.189
VNM,1,2019,-113.064,226.083
VNM,1,2020,-122.491,239.969
VNM,1,2021,-110.376,203.597
VNM,1,2022,-104.682,192.952
ZMB,1,1990,0.327,2.734
ZMB,1,1991,0.551,2.932
ZMB,1,1992,0.563,2.987
ZMB,1,1993,0.699,3.165
ZMB,1,1994,0.811,3.204
ZMB,1,1995,1.04,3.182
ZMB,1,1996,1.293,3.131
ZMB,1,1997,1.72,4.074
ZMB,1,1998,1.572,3.851
ZMB,1,1999,1.479,3.257
ZMB,1,2000,1.954,3.738
ZMB,1,2001,2.104,3.99
ZMB,1,2002,2.096,4.057
ZMB,1,2003,1.842,3.917
ZMB,1,2004,2.046,4.15
ZMB,1,2005,1.802,4.045
ZMB,1,2006,2.369,4.6
ZMB,1,2007,3.393,5.687
ZMB,1,2008,3.944,6.498
ZMB,1,2009,2.416,5.356
ZMB,1,2010,2.056,5.177
ZMB,1,2011,3.358,6.73
ZMB,1,2012,3.048,7.214
ZMB,1,2013,3.171,7.587
ZMB,1,2014,3.749,8.626
ZMB,1,2015,3.17,8.235
ZMB,1,2016,1.761,7.625
ZMB,1,2017,1.267,8.117
ZMB,1,2018,0.831,8.25
ZMB,1,2019,1.107,8.858
ZMB,1,2020,-0.634,7.51
ZMB,1,2021,-0.357,7.429
ZMB,1,2022,0.593,8.115
ZWE,1,1990,2.449,17.986
ZWE,1,1991,1.95,17.441
ZWE,1,1992,0.941,17.643
ZWE,1,1993,0.746,16.778
ZWE,1,1994,-0.008,17.374
ZWE,1,1995,0.925,15.943
ZWE,1,1996,1.637,16.531
ZWE,1,1997,1.058,14.959
ZWE,1,1998,-0.573,13.555
ZWE,1,1999,-1.703,14.021
ZWE,1,2000,-1.834,11.981
ZWE,1,2001,-1.122,11.387
ZWE,1,2002,0.249,12.145
ZWE,1,2003,0.849,11.459
ZWE,1,2004,0.312,9.741
ZWE,1,2005,0.233,10.931
ZWE,1,2006,0.895,11.26
ZWE,1,2007,1.197,11.033
ZWE,1,2008,2.653,10.374
ZWE,1,2009,1.403,9.653
ZWE,1,2010,0.509,9.263
ZWE,1,2011,0.073,10.436
ZWE,1,2012,0.629,11.883
ZWE,1,2013,0.501,12.172
ZWE,1,2014,0.801,12.747
ZWE,1,2015,1.2,13.217
ZWE,1,2016,1.204,11.785
ZWE,1,2017,0.138,9.965
ZWE,1,2018,-0.252,10.953
ZWE,1,2019,-0.027,10.236
ZWE,1,2020,0.612,9.107
ZWE,1,2021,0.539,10.742
ZWE,1,2022,0.315,10.74
